37.84257856,-122.2898572,276.3000183
37.83263684,-122.2834131,316.4023743
37.8216202,-122.2253876,577.2053833
37.76592608,-122.2322855,305.3262939
37.77146918,-122.2690492,259.8187866
37.74276336,-122.2466287,232.2271271
37.72135971,-122.0834832,438.5214233
37.70610994,-122.082248,504.3453674
37.68802216,-122.0673654,334.6582947
37.71672945,-122.1661236,268.0239563
37.70928622,-122.1391736,227.2973938
37.69857209,-122.1574907,251.7097626
37.69925106,-122.1135478,571.9384155
37.68071198,-122.064686,459.3137207
37.6792844,-122.1295498,261.197876
37.66627793,-122.0917265,265.5465088
37.64720473,-122.1015815,250.1522827
37.64288117,-122.0876594,267.4625549
37.6384709,-122.0734549,218.2832947
37.62613136,-122.0764342,250.9245453
37.62819044,-122.0884882,240.897995
37.59820045,-122.0833572,218.2799683
37.5913339,-122.0122922,248.4110107
37.57171122,-122.038002,243.7443237
37.58454144,-122.0572743,225.4389801
37.55695916,-122.021271,264.5420532
37.5530143,-121.9636328,274.6299133
37.54826156,-121.9498355,258.3864746
37.53718213,-121.9871464,244.8832703
37.53716753,-122.0080633,254.0644836
37.50712615,-121.9271438,444.2879639
38.00335722,-122.3072475,406.8400574
38.00949151,-122.2781057,379.3604736
38.01438289,-122.2848239,356.1217651
37.96891828,-122.2943143,431.7409058
37.98316055,-122.3276082,424.3141785
37.95428583,-122.3525028,272.3615417
37.93846453,-122.330568,322.9891052
37.92831772,-122.3567435,241.9489441
37.90892178,-122.3116851,396.2452087
37.91707484,-122.3059448,396.2452087
37.52733008,-121.9027754,760
37.53135301,-121.926644,412.1813354
37.52177304,-121.9322032,485.0690613
37.49027651,-121.9243455,519.442749
37.5363268,-122.0352585,241.1915588
37.70508504,-121.8852209,297.5948181
37.70689204,-121.9419031,449.4582214
37.65209902,-121.7774623,348.7406311
37.69119218,-121.7841567,301.1667175
37.69788967,-121.7322972,254.9123535
37.67213042,-121.7879098,300.182251
37.79659462,-122.2929797,191.4466095
38.00264556,-121.741003,276.3821411
38.01321638,-121.7176987,228.3342285
37.98369775,-121.730561,315.5736694
37.94314238,-121.7586355,270.4132385
37.9422183,-121.71478,267.0115051
37.92895438,-121.7087545,232.3462219
38.00878941,-121.7631925,254.9382019
37.99873488,-121.814193,353.9875488
37.98866881,-121.7665949,390.5071411
38.0039942,-121.8644554,316.9859314
38.01390846,-121.8992748,370.7886658
38.02452984,-122.1388034,228.3342285
37.99867705,-122.1074821,390.2868958
37.95224952,-122.0720745,345.7449036
37.97557073,-122.0377463,269.9430542
37.98183115,-121.9977849,289.5756226
37.96318644,-122.0017971,301.0568848
37.96672223,-122.034504,352.462738
37.92002616,-122.0196205,303.2804871
37.73188796,-121.9385146,334.2992554
37.744952,-121.9480671,443.4509277
37.79919301,-121.9651852,572.0497437
37.81665725,-121.9846145,361.3884277
37.88966278,-122.1040284,427.859436
37.86441993,-122.0637211,573.2618408
37.94473575,-121.8015208,394.4311218
37.76313701,-121.9128002,376.6460266
38.02444024,-122.2276639,552.6972656
37.86760631,-122.2318915,614.6674805
37.84809143,-122.2497138,504.571167
37.83959746,-122.2546735,333.2643738
37.84545355,-122.2834311,285.8830261
37.80952787,-122.2982297,230.9708252
37.81038676,-122.2769977,297.6669617
37.80233864,-122.2754435,322.388031
37.81615374,-122.2567384,348.4194946
37.81722777,-122.2487762,404.3123779
37.82636236,-122.2159582,589.0150757
37.8134458,-122.2071299,496.2859497
37.80205692,-122.2512943,409.5058594
37.79828303,-122.2296852,348.1824036
37.78504195,-122.2307335,373.8977051
37.79356927,-122.2079871,426.7791748
37.78794768,-122.2024929,408.4261169
37.77104845,-122.206764,428.4334106
37.80287649,-122.1830553,760
37.76041659,-122.1785139,276.2592163
37.73227685,-122.1835872,251.730011
37.7432211,-122.18061,266.8528748
37.74790622,-122.1535033,459.12146
37.80999882,-122.2889656,238.2307281
37.88670482,-122.294996,368.971405
37.88825386,-122.2709709,552.9503784
37.88189678,-122.2701505,459.944397
37.87329871,-122.2965463,365.5103455
37.87731631,-122.2603225,760
37.85935794,-122.2680428,381.3426819
37.85471438,-122.2441899,504.571167
37.84005966,-122.2946711,276.3000183
38.1009647,-122.5436037,319.0090942
38.09828242,-122.5861504,374.9743652
38.0177885,-122.5624737,390.841156
37.96109754,-122.5205896,534.4724121
37.98076794,-122.574978,423.8814087
37.92413245,-122.5229695,690.1661987
37.8885411,-122.5062107,320.8055725
37.86924497,-122.51302,471.1260681
37.92315072,-122.6025877,659.5147705
38.05570434,-122.8549627,514.3991699
38.1704342,-122.793153,760
38.31708988,-122.2915651,280.9287415
38.3056713,-122.3106728,314.3960876
38.29461574,-122.3074053,514.913147
38.17121157,-122.2604754,314.3901978
38.1608038,-122.2596534,293.6517334
38.30705936,-122.345545,385.8655701
38.39201793,-122.3676305,508.000824
38.39094352,-122.147128,505.4384766
38.64190843,-122.288278,573.5240479
37.80772243,-122.4110135,361.4279175
37.80536214,-122.4222001,483.9685669
37.8016129,-122.4156734,483.9685669
37.80289505,-122.408649,361.4279175
37.79649646,-122.4142908,526.1557007
37.7929701,-122.4127329,530.2553711
37.79335026,-122.4061631,530.2553711
37.78880649,-122.4118881,357.8235168
37.78393488,-122.4125977,357.8235168
37.79780801,-122.4417515,534.2221069
37.79261961,-122.4274295,529.512085
37.7908978,-122.4325552,407.9016724
37.77807797,-122.4385016,468.726532
37.77716511,-122.4228666,443.296051
37.77088321,-122.42866,475.5429993
37.76582301,-122.4460481,434.6217957
37.78202832,-122.4011594,357.9890442
37.76866294,-122.4199712,314.2592163
37.75911949,-122.4370314,481.0856934
37.75396999,-122.4298145,523.0685425
37.7454583,-122.4380417,624.6849365
37.76255384,-122.3956109,499.6132202
37.75583674,-122.4120843,361.0389099
37.73516234,-122.401731,300.5204163
37.72155648,-122.3901091,350.5684509
37.73767308,-122.4210128,514.4759521
37.72807121,-122.4057508,476.0089417
37.7256661,-122.424497,577.7922363
37.71042313,-122.4448315,551.5164185
37.7121579,-122.404736,376.3853149
37.76306724,-122.4673231,491.4422913
37.74379469,-122.4573278,392.09552
37.72177457,-122.4573397,319.054718
37.76247717,-122.4807942,382.1045837
37.74602142,-122.4804177,506.0105286
37.70537126,-122.4445157,551.5164185
37.69997179,-122.4803129,379.4061584
37.65694496,-122.469916,473.4244385
37.66176806,-122.4064477,553.8757324
37.63984452,-122.4504933,567.9415894
37.63073616,-122.4422915,546.8154907
37.62017537,-122.4283119,539.5997314
37.62341489,-122.4206478,376.6429443
37.60621125,-122.4101846,395.4013062
37.59359957,-122.3714298,272.0942078
37.7524106,-122.4814615,528.4903564
37.74615527,-122.4901822,468.3400574
37.75267921,-122.490638,499.2988281
37.73850864,-122.4847766,506.0105286
37.71603667,-122.4783856,460.9230957
37.76139292,-122.506152,379.3454895
37.78310033,-122.4811904,339.1340332
37.77756561,-122.4613385,282.6655273
37.77822433,-122.4840582,339.1340332
37.77919338,-122.5039887,549.3421631
37.71324825,-122.3896166,503.9313965
37.69823005,-123.0063264,266.4442444
37.36461848,-122.0416008,291.3209229
37.35724289,-122.0260092,286.1507263
37.36245621,-122.02034,280.7421875
37.35888448,-122.0098689,276.171814
37.3851305,-122.024752,305.2782288
37.39227346,-122.0216933,241.9338837
37.40127286,-122.0743382,266.4436951
37.39811417,-122.0968385,306.2233887
37.38538679,-122.073161,295.6304626
37.34656326,-122.071846,280.744812
37.41444084,-122.110333,302.9376526
37.4375659,-122.1218389,210.9321136
37.43593306,-122.1435762,259.6020203
37.35351931,-122.0976438,377.2893372
37.29839339,-122.1206822,760
37.20575092,-121.8342683,367.0617065
37.2700531,-121.8655359,266.4241333
37.27210822,-121.8354475,269.7496948
37.2583789,-121.8377067,261.5758057
37.22934098,-121.7707379,258.1751099
37.24009215,-121.8105767,225.2094421
37.26188248,-121.80477,214.8444214
37.04990503,-121.7071345,602.7353516
37.13009628,-121.6086091,401.8797913
37.13315057,-121.64293,260.9602966
37.02449439,-121.5925347,244.1391907
37.00467705,-121.5788835,241.9234619
37.01982375,-121.5705845,187.8648071
37.24002309,-121.5167839,464.5627136
37.58642324,-122.345497,275.1055603
37.57648814,-122.3484369,355.6556396
37.56495183,-122.3692384,524.3537598
37.57841049,-122.331705,266.7251587
37.55292858,-122.3170214,364.296051
37.52709183,-122.3048335,527.4431763
37.5580917,-122.3066772,261.1426086
37.55153629,-122.2586008,191.3906097
37.56102633,-122.2620902,232.1205902
37.56693744,-122.2598969,206.2737122
37.53173826,-122.2825829,227.2457581
37.49923361,-122.2566389,257.9201355
37.49074295,-122.2519831,329.17453
37.48894686,-122.2761143,669.9434814
37.49325095,-122.238706,275.0371399
37.471339,-122.209092,287.8240662
37.45649394,-122.2345701,448.183136
37.47574241,-122.171025,281.2225037
37.46048593,-122.147449,241.9359283
37.27827217,-122.3018487,683.6965942
37.46242731,-122.1620114,286.182312
37.6277736,-122.4600096,540.7739258
37.35855557,-121.8927703,269.4793396
37.34017016,-121.9220706,261.4740601
37.33518246,-121.8840966,281.2208252
37.33301785,-121.8796396,214.8444214
37.33761019,-121.8644709,230.9390411
37.30596216,-121.9360346,297.6574097
37.29320398,-121.8928256,277.3817749
37.25562013,-121.9230656,285.6600342
37.26332267,-121.8972705,275.2467651
37.26747815,-121.8850066,244.8562927
37.33326576,-121.8499214,196.0491791
37.27747126,-121.8539133,332.9184875
37.29764757,-121.8778718,258.2163086
37.31187665,-121.8322522,260.8214111
37.28050819,-121.8299692,206.2397156
37.31837005,-121.8013639,315.1498413
37.33370588,-121.791691,364.5600281
37.3114815,-121.7792818,371.8474426
37.30675401,-121.8044392,314.6596375
37.33585506,-121.8342963,206.2464752
37.34019001,-121.8319434,206.2464752
37.35838555,-121.8661601,254.1802673
37.34460784,-121.8522631,227.1910095
37.34573579,-121.8394492,218.2579498
37.36945016,-121.8546712,305.3198242
37.36222935,-121.8467184,332.5082703
37.36847013,-121.8355551,286.1525574
37.39068188,-121.8525821,310.84729
37.38687892,-121.8708508,302.7555847
37.40276568,-121.8714309,309.3203735
37.40938037,-121.8788908,251.5557404
37.43723551,-121.9046885,196.0680084
37.4319992,-121.8805776,334.2521667
37.4585656,-121.9069201,371.316864
37.41648214,-122.0497375,210.9268341
37.39589831,-122.0015081,244.8687897
37.34701381,-121.9331384,286.7002563
37.36067076,-121.9723738,230.9403076
37.34898379,-121.987194,275.2746582
37.33793763,-121.9622004,227.0342255
37.32684082,-121.9858407,253.9604645
37.31973624,-121.9614019,276.1717224
37.29800771,-121.9560344,257.0872498
37.24277905,-121.9143137,322.4231873
37.25133605,-121.9644744,398.5476074
37.27442603,-122.0239459,373.9883423
37.32853565,-122.040786,317.1641235
37.3124135,-122.0405766,346.3577271
37.30201249,-122.0191894,286.1340637
37.33026072,-122.0232898,308.4453125
37.34487495,-122.0458402,312.7658997
37.35566416,-122.0415052,306.3912048
38.08235884,-122.2246723,438.5713196
38.10114169,-122.2485957,438.2217712
38.11152428,-122.2497124,344.9906616
38.12370613,-122.268665,462.3998718
38.1480466,-122.2441044,415.4711304
38.08074457,-122.1808233,541.770874
38.26556871,-122.0642669,418.1687622
38.27525784,-122.0563351,374.5299072
38.2762603,-122.0156746,240.897995
38.29392259,-121.9696966,262.2298279
38.24701777,-122.0449634,254.4325256
38.26631589,-122.021619,244.9588928
38.24891699,-122.0131714,254.9431152
38.27160729,-121.946571,260.6559448
38.3401018,-121.9444039,211.3262787
38.32434212,-121.9812039,302.3746948
38.36217782,-121.9968354,332.8945618
38.4433594,-121.8186264,227.5188599
38.28513323,-122.444155,295.6697083
38.23762709,-122.6132599,254.927063
38.26003611,-122.6438828,278.2318726
38.24456379,-122.635992,268.3298645
38.33928239,-122.6825351,314.5895691
38.43653351,-122.665102,263.4616394
38.43519496,-122.7082812,254.9647369
38.4784682,-122.6642472,433.1882324
38.45734451,-122.7481874,261.5518188
38.44331478,-122.7584609,242.2520142
38.3767428,-122.817388,409.5708313
38.55658189,-122.8126877,266.6148376
38.55252854,-122.8020832,308.047821
38.61891283,-122.8571363,495.5874023
38.61586213,-122.9567799,466.6419067
38.53500338,-123.2486303,760
38.63559923,-123.2010595,513.3706665
37.68794657,-122.1227623,196.1138916
37.69882127,-122.1234952,227.2936859
37.6921626,-122.1090455,372.0273438
37.65524185,-122.0460121,588.6932983
37.65182497,-121.9831108,689.6808472
37.63860323,-122.0389966,760
37.68595712,-122.0507533,514.5708618
37.67286343,-122.0839375,317.6383362
37.680979,-122.0933706,324.0802917
37.67468713,-122.1022528,266.7987366
37.68142397,-122.106735,267.9124451
37.67860782,-122.1160466,258.4745178
37.6720685,-122.1478,214.8444214
37.66982803,-122.1349468,227.253067
37.67174932,-122.1235488,243.7862701
37.66850479,-122.1121272,275.1424866
37.67150762,-122.0650322,465.0245056
37.82467274,-122.2406381,446.3480225
37.77590673,-122.2477948,241.301712
37.7812191,-122.266134,218.2961426
37.77779571,-122.283644,211.0784302
37.77250815,-122.2841691,225.5724945
37.76979734,-122.2582469,296.4011536
37.76664569,-122.2475346,266.4969788
37.75962125,-122.2341969,250.9360809
37.75395095,-122.2387401,254.8381958
37.73528626,-122.2331177,227.2947693
37.76032623,-122.2511664,268.0488281
37.76164806,-122.2591783,296.4445496
37.76521863,-122.2700454,208.5066528
37.78574917,-122.3043417,259.8242798
37.72719688,-122.0153109,640.5391235
37.7671202,-122.0820909,552.6860352
37.71487487,-122.0632965,504.5245972
37.72009133,-122.1009897,474.2700806
37.70496735,-122.1092134,600.1811523
37.70409304,-122.0969504,426.8737793
37.699284,-122.065171,367.9403687
37.69827184,-122.0828354,276.1922913
37.6929342,-122.0785554,287.8266296
37.68553073,-122.0829842,289.3552246
37.73587005,-122.1466227,352.0074463
37.73308067,-122.1562531,244.9036102
37.73089057,-122.1656942,277.7634583
37.7097722,-122.1875986,211.0489655
37.72343658,-122.1734916,244.9023438
37.7226994,-122.1550981,250.5122833
37.72707756,-122.142881,361.848114
37.72126333,-122.1245314,308.4860535
37.71585625,-122.1354601,276.1933289
37.7021433,-122.1335019,218.2888641
37.71432229,-122.1469846,261.4805908
37.70177087,-122.1471007,258.4871216
37.68661227,-122.1722699,201.3546143
37.68446455,-122.1552659,218.2883148
37.68604159,-122.1435866,254.9317322
37.78714927,-122.186485,556.8088379
37.785359,-122.1575095,585.50177
37.77515293,-122.175694,461.846283
37.77113222,-122.1646286,466.2769775
37.76459219,-122.1709523,276.2592163
37.76624938,-122.1822696,426.5143433
37.76885012,-122.1889996,408.1272278
37.75885215,-122.1969509,282.1200562
37.75416011,-122.1888645,191.4365082
37.73013102,-122.2113569,206.2943878
37.72919102,-122.1777989,244.9023438
37.7378782,-122.1733716,250.5167389
37.75039007,-122.183818,254.1760254
37.75325661,-122.1726278,289.401825
37.75645114,-122.1658886,464.6254578
37.76035833,-122.1557819,617.0845337
37.76371454,-122.136118,520.1074829
37.7440857,-122.1318522,567.4096069
37.74342269,-122.1563845,259.8020325
37.7466787,-122.1661399,244.3041382
37.74080992,-122.1621839,244.3041382
37.89478107,-122.2910266,427.2368774
37.89453254,-122.2975113,335.4929504
37.8929568,-122.3054147,335.4929504
37.66685408,-122.040397,598.2145386
37.65868263,-122.0691838,579.7024536
37.65676094,-122.0789407,308.4814148
37.66197075,-122.1005236,295.6867676
37.65360038,-122.0944464,241.9410858
37.66035833,-122.1097195,267.8979492
37.61244721,-122.1227292,208.4319458
37.62982203,-122.1002566,269.7707825
37.64319518,-122.1115595,265.5413818
37.63622143,-122.0930507,289.1317444
37.64404223,-122.0794053,254.9308472
37.63536007,-122.0804654,218.2832947
37.63367483,-122.069613,282.6454468
37.64314435,-122.0686989,454.3833008
37.64287257,-122.0621655,664.0725098
37.61916444,-122.0286028,418.6268921
37.61813766,-122.0389292,276.0664368
37.61558678,-122.0524155,250.1348724
37.62702351,-122.0596523,248.4118805
37.61843743,-122.0825729,217.8257904
37.61714002,-121.963263,680.6582031
37.60035775,-122.0225251,250.921814
37.60120956,-122.0427671,280.6913757
37.57742008,-122.0746656,266.7251587
37.88547571,-122.3119015,275.3347778
37.8870514,-122.2871114,463.8717041
37.89946759,-122.2661373,615.996521
37.89733692,-122.2747145,760
37.89516433,-122.2841198,591.217041
37.89177219,-122.2595535,581.1561279
37.88401621,-122.2560366,760
37.88029959,-122.278195,459.944397
37.87947352,-122.2896414,365.5103455
37.86522631,-122.3044873,239.6867523
37.87287346,-122.2878228,348.0301208
37.87407592,-122.2779158,459.944397
37.87523376,-122.2695858,549.2963867
37.87516502,-122.250495,675.2044067
37.86787324,-122.2495283,760
37.866791,-122.2599703,589.5164185
37.86787919,-122.2692546,436.7930908
37.86580837,-122.2863202,342.3173218
37.8645248,-122.2936846,348.0301208
37.85733282,-122.2842,329.9688721
37.85836997,-122.2758829,376.126709
37.85887493,-122.2587128,473.7877502
37.86316913,-122.2592703,473.7877502
37.86183095,-122.2489201,593.6616211
37.85362581,-122.2665495,385.9439697
37.85476148,-122.257412,426.0525818
37.85029103,-122.2746095,374.4284363
37.85044188,-122.281584,340.8422852
37.58499416,-122.0683658,239.5310059
37.59110908,-122.0486408,232.1357574
37.58936316,-122.0278687,250.4657898
37.58192507,-122.0858035,244.2662659
37.60535357,-122.0738451,244.2735138
37.59383085,-122.0649376,239.5377197
37.58117322,-122.0175894,187.8648071
37.58385289,-121.945569,573.6331177
37.57431287,-121.987711,206.2744751
37.5717472,-122.002619,232.1243896
37.56932883,-122.0194376,196.0925446
37.58235829,-122.0398511,196.0936737
37.57257119,-122.0675703,225.4346924
37.48611526,-121.9636153,218.2700195
37.57293964,-122.0532323,257.29953
37.56478098,-122.04659,210.9876709
37.55750298,-122.0489005,259.6791992
37.5635191,-122.0305795,241.2055969
37.55322498,-122.0116181,232.1130219
37.55917547,-121.9915394,210.9876709
37.54243949,-121.9678612,283.0782471
37.55099926,-121.9849701,244.2604675
37.56477601,-121.9732597,218.2771912
37.84071398,-122.2997243,254.9588165
37.54081247,-121.9786935,254.070816
37.54653022,-121.976631,254.070816
37.55925498,-121.9351411,479.1329956
37.53455243,-121.9421758,391.3206787
37.52786255,-121.9614671,270.2564697
37.53641034,-121.9600194,293.1996155
37.5313863,-121.9737712,214.8444214
37.54430548,-121.9976162,238.1678619
37.54814518,-122.0049774,257.2876587
37.52937884,-121.9930719,228.3342285
37.51839426,-121.9748243,218.2727814
37.51844399,-121.9515416,274.6293945
37.51685599,-121.9606056,250.4393616
38.00197876,-122.2912383,281.2293701
37.98371945,-122.2510162,504.9901123
38.00658322,-122.253989,476.7967834
38.00014192,-122.2655416,493.075592
37.98248717,-122.2869596,645.6043701
37.96824202,-122.2659138,400.8638916
37.94359279,-122.2881974,655.7415771
37.94558287,-122.3150921,446.5370789
37.97884841,-122.3086478,391.6791382
37.96017796,-122.3734143,254.2823792
37.976117,-122.3460458,502.2400208
37.969013,-122.3509842,246.8368835
37.97263626,-122.3305298,427.4125061
37.96610834,-122.339808,418.0701294
37.96101321,-122.3520557,272.3615417
37.95665747,-122.3363956,364.2992859
37.95859028,-122.3236035,389.7307434
37.93976568,-122.3221939,511.7062378
37.94855931,-122.3399685,319.6618042
37.94708036,-122.353738,284.6417847
37.93941587,-122.3414802,291.6395569
37.94023683,-122.3517812,301.9829407
37.94105398,-122.3623997,250.3173218
37.93378342,-122.3629321,266.6335449
37.93628387,-122.3896603,568.9353638
37.91697514,-122.3386895,227.3589172
37.93018792,-122.3350592,276.2055664
37.91598675,-122.3229944,282.7484741
37.93303147,-122.3152883,503.0943298
37.92422136,-122.2954379,412.0243225
38.03793225,-121.6303801,196.1775818
37.98368495,-121.7057022,265.1123962
37.99004105,-121.6779665,217.9641113
37.97151618,-121.7479284,384.2443542
37.95783811,-121.7075127,232.3616791
37.93660672,-121.6660623,249.7967834
37.94709929,-121.7319964,249.800354
37.91093546,-121.7020933,266.9915771
37.89574547,-121.7403477,301.2504272
37.84616164,-121.6184021,254.2274475
37.90461619,-121.5842902,283.4417114
37.99385934,-122.3171766,347.1229553
37.92746424,-122.308749,571.5348511
37.92269737,-122.3156284,309.7772522
37.90898885,-122.3022427,550.9168701
37.90231204,-122.2980974,333.1349182
37.91394433,-122.2934212,760
37.9063106,-122.2937915,559.4351196
37.90722173,-122.2843884,718.8516235
37.90950578,-122.2755839,560.0522461
37.99270543,-122.3489222,398.4352722
38.02328046,-122.2732291,240.897995
37.90141143,-121.6092032,196.15242
37.93871619,-121.606241,241.9491119
38.01590272,-121.8308977,291.3013916
38.00533687,-121.799425,263.4312439
38.00855268,-121.7857669,340.9016418
37.98658658,-121.8156536,292.2127686
38.00261706,-121.8485492,373.6412354
38.00370316,-121.8278018,241.950882
37.99463318,-121.8308186,336.6158142
37.99094568,-121.8456298,317.6531982
37.99192929,-121.7965054,362.8675842
38.03963784,-121.8656992,218.31987
38.02604477,-121.8833387,264.8288269
38.02142401,-121.8936643,331.8511658
38.01523608,-121.8695919,301.8974915
38.00648779,-121.8827774,322.4936829
37.98098381,-121.8753976,535.5661011
38.00747285,-121.9161633,507.091156
37.98895291,-121.9237065,520.6641846
38.01700995,-121.9150678,360.4695435
38.03305964,-121.9215492,310.4510803
38.03888206,-121.9446126,208.631546
38.02324132,-121.9443768,380.4779053
38.04803444,-121.9726125,187.8648071
38.03644115,-122.030784,292.2772217
38.01769421,-122.1261411,366.1384888
38.01734533,-122.1588147,699.9033813
38.00424338,-122.1215641,447.8034668
38.02426309,-122.0977889,352.2381287
38.00024201,-122.077319,350.7950439
37.98937069,-122.1141827,439.0621338
37.97538497,-122.0929415,504.9744263
37.97027476,-122.1125239,574.9224854
37.98215214,-122.0713172,242.0440216
37.9620156,-122.0766278,505.0238342
37.93864788,-122.0561013,241.9491119
37.95610522,-122.057687,218.3124847
37.93844299,-122.0734125,370.9363708
37.9429572,-122.0857148,461.7496338
37.98496552,-122.0532338,251.8660431
37.99469549,-122.0339308,306.9828796
37.98859767,-122.0260549,238.2757874
37.97623531,-122.0121532,326.3456726
37.96490655,-121.9701124,332.648468
37.95972913,-121.9581537,424.8109436
37.9689657,-121.9851598,309.2310486
37.95850343,-121.988264,363.6427917
37.95085315,-121.9860165,505.9828796
37.87073809,-122.0514205,760
37.96903056,-122.0202636,420.7149048
37.96678471,-122.0405975,243.9107361
37.96059286,-122.0474888,238.2695465
37.95498244,-122.0446387,206.3222656
37.95725945,-122.0148723,448.2320862
37.95149362,-122.0267492,479.9613342
37.94885161,-122.0425706,254.1802673
37.94133559,-122.0423366,217.9435272
37.9314906,-122.0310495,272.5812378
37.92183357,-122.055482,297.739502
37.91897589,-122.0470056,377.4815369
37.90672892,-122.0145958,488.8535767
37.89403031,-122.059905,276.2034607
37.90632149,-122.0629612,266.6085205
37.92320257,-122.0689796,263.4256287
37.91068491,-122.0843731,528.8880005
37.88740843,-122.0837849,484.0334473
37.89273351,-122.049665,478.4919739
37.90349298,-122.0397679,502.9446716
37.89142461,-122.0171445,372.9210205
37.7359758,-121.928788,228.3342285
37.79665765,-121.9796268,278.7479248
37.7747319,-121.9550385,389.2182007
37.7587641,-121.9519495,297.7765198
37.76141776,-121.9274521,555.3219604
37.79560378,-121.9417667,544.9782104
37.74217728,-121.9756758,743.1687622
37.7643292,-121.9742868,463.777832
37.77747176,-121.9820972,447.5950623
37.80510385,-122.0221087,760
37.83528506,-122.0418298,760
37.883295,-122.0055325,518.5169678
37.86365339,-121.9837309,437.762085
37.83981041,-122.001898,367.4452515
37.81950658,-121.9506912,493.612793
37.93291198,-122.1209561,760
37.90025128,-122.145086,704.8428955
37.87873137,-122.1389871,563.1461792
37.85310523,-122.0659225,716.7466431
37.87260197,-122.0806945,653.2630615
37.86829961,-122.1051553,487.5666199
37.84547145,-122.0931524,420.2406311
37.81865295,-122.1037099,636.12146
37.85299636,-122.1392669,417.2549744
37.82966786,-122.1594455,471.8502502
37.85666838,-122.1812346,503.1811523
37.87950452,-122.1684619,493.1484375
37.88378992,-122.216655,760
37.90276335,-122.1824566,513.149292
37.48714381,-121.8964446,760
37.47067249,-121.9128356,408.7885132
37.48294222,-121.9198102,411.2384338
37.55126519,-122.0364056,227.2512665
37.54254168,-122.045753,254.070816
37.53652129,-122.0571146,201.3546143
37.51256432,-122.0474173,250.4371643
37.53427557,-122.0273419,241.1915588
37.52707713,-122.0162173,250.4437561
37.51225341,-122.0030515,210.9638214
37.72081804,-121.8910938,399.6733093
37.72251477,-121.9153871,368.4146423
37.71072211,-121.9177692,282.6195068
37.71266348,-121.932444,317.5389709
37.71008361,-121.9676658,696.9885254
37.93921643,-121.885312,748.0336304
37.97629515,-121.7939841,371.9597778
37.96793461,-121.7693423,327.9018555
37.97829283,-121.7754373,257.1399231
37.82524441,-121.7894245,617.7203369
37.80651162,-121.9040537,504.4553528
37.78732236,-121.9082619,446.447876
37.7732992,-121.8812165,561.0482788
37.7459966,-121.8968488,305.4618835
37.99707422,-121.975827,760
37.93681448,-121.9701514,441.0583496
37.92107905,-121.9944828,653.4484253
37.68934873,-121.922326,279.8960266
37.68883254,-121.9106364,309.6669312
37.67207847,-121.8819556,254.1344452
37.66949182,-121.8997466,257.347168
37.65729442,-121.8874332,230.9604187
37.55686804,-121.8073731,760
37.66026601,-121.8647076,398.9791565
37.66506983,-121.8189343,318.9548645
37.69639174,-121.871181,217.8550262
37.68244559,-121.8527256,409.6322632
37.67360722,-121.8685441,241.9042969
37.70530412,-121.8611332,412.3268127
37.71632264,-121.8430918,600.9190674
37.73358214,-121.8241813,481.9751892
37.95130426,-121.9338845,687.7850952
37.89343382,-121.9256591,760
37.96473408,-122.163628,547.4520264
38.0427739,-122.2029055,575.9324951
38.04760585,-122.2508412,530.5653687
37.84822748,-122.2574417,426.0525818
37.8485337,-122.2648163,385.9439697
37.84194982,-122.2648653,375.9707031
37.84171432,-122.2723269,336.210144
37.8394317,-122.2802797,285.8830261
37.83120424,-122.2719373,319.5341797
37.83048949,-122.2638305,324.3817749
37.83057919,-122.2579295,408.8518066
37.81807987,-122.26675,268.0189819
37.82292937,-122.2806413,275.2651672
37.81737981,-122.2814734,249.3895264
37.67371103,-121.9462685,760
37.63733537,-121.6367637,760
37.71007813,-121.7402888,312.8299561
37.73477976,-121.7689342,282.1149292
37.68965203,-121.8156727,297.9469299
37.69597463,-121.7630091,411.8139343
37.68528341,-121.7803109,301.1667175
37.67334442,-121.7369476,280.744812
37.68497205,-121.7490794,326.5742493
37.68937334,-121.7246427,285.846405
37.68331108,-121.7292101,315.0962219
37.66838321,-121.7607595,285.7511902
37.67123615,-121.775693,311.9420166
37.66729503,-121.8010047,300.7609253
37.66218018,-121.7900975,313.607666
37.80227904,-122.3157805,238.2307281
37.7956366,-122.2770877,343.9065552
37.81784312,-122.3071778,227.3289948
37.80472632,-122.2972785,230.9708252
37.81205477,-122.2824489,249.3895264
37.80563425,-122.2848188,271.9657288
37.80427189,-122.2799515,271.9657288
37.80873182,-122.2715083,322.388031
37.80711926,-122.2669522,373.2016602
37.80042132,-122.2707322,343.9065552
37.79458485,-122.2663328,372.8674316
37.8047184,-122.2589217,365.3783264
37.81762955,-122.2601543,348.4194946
37.81348456,-122.2537725,348.4194946
37.81131328,-122.2589235,348.4194946
37.80978986,-122.2518296,365.3783264
37.81483455,-122.2417419,380.1612854
37.8231449,-122.253632,392.4786682
37.83001603,-122.2498885,447.601532
37.82569839,-122.2499455,350.8823547
37.83610713,-122.2344698,527.1956787
37.8454481,-122.2382756,438.7301941
37.84626037,-122.2151284,481.8120728
37.83453516,-122.2025523,760
37.81963018,-122.1911106,760
37.80550395,-122.2131864,516.7211914
37.80415952,-122.221498,248.4159698
37.80506727,-122.230839,397.9342651
37.81150252,-122.2320928,614.3466187
37.80519965,-122.2436723,409.5058594
37.79843405,-122.2540627,307.1211548
37.79653907,-122.2494541,416.6312561
37.79333367,-122.2461016,416.6312561
37.79821497,-122.2432137,416.6312561
37.80087654,-122.2372326,435.0066223
37.79400929,-122.2331139,348.1824036
37.78778626,-122.2357658,391.5321045
37.79097002,-122.2408996,391.5321045
37.79028942,-122.2521095,307.1142578
37.77361026,-122.2278163,305.3262939
37.78197829,-122.2265575,318.2178345
37.7893415,-122.225081,373.8977051
37.79556121,-122.2218715,372.917572
37.78793902,-122.2170056,387.3451233
37.796395,-122.2143959,426.7791748
37.80331282,-122.2020984,636.2276001
37.79771198,-122.1949279,578.9489136
37.79323288,-122.1905085,578.9489136
37.78307057,-122.2146067,427.6307068
37.78088803,-122.2102342,427.6307068
37.7777477,-122.2192748,316.984375
37.76489333,-122.2123145,211.0703888
37.76951263,-122.197622,408.1272278
37.77767604,-122.203827,443.3847656
37.77652641,-122.1931461,423.5002136
37.77998421,-122.185157,442.1584778
38.29178674,-122.2979091,287.3859558
38.29534811,-122.2881396,300.6298218
38.28846089,-122.2745414,383.3852844
38.28433934,-122.258461,301.7838135
38.31028594,-122.2673684,526.1131592
38.31111068,-122.3010895,308.222168
38.30494616,-122.2866278,244.9635162
38.3158036,-122.2819273,269.8135986
38.33174714,-122.3124485,211.320755
38.33537711,-122.3015933,262.2583618
38.30992515,-122.3295011,343.0180359
38.31538449,-122.3152617,334.855835
38.32839618,-122.3301965,268.3774109
38.32344721,-122.3205447,239.9425049
38.26220906,-122.3007916,437.6679688
38.29484439,-122.3274798,362.2540894
38.27445036,-122.2692025,478.1779175
38.22997205,-122.2297881,760
38.1594954,-122.2395111,332.9184875
38.20302187,-122.2811194,248.4254761
38.2815476,-122.3686633,246.9638672
38.37021899,-122.357536,561.2245483
38.39250567,-122.2726986,760
38.32301462,-122.2290465,760
38.45031446,-122.45532,630.1889648
38.50136996,-122.4573962,286.407135
38.50726658,-122.4783604,587.800293
38.55639446,-122.4247941,377.7637329
38.62489806,-122.5533977,760
38.58173009,-122.5824759,287.4348755
38.13333704,-122.5403763,445.3512573
38.13164197,-122.5913112,760
38.11656857,-122.5912414,502.1646118
38.11041957,-122.5703322,442.8924255
38.1157013,-122.6460579,421.7737122
38.07925754,-122.5641361,542.0049438
38.08841031,-122.55953,375.2635803
38.0608861,-122.5688826,387.1541748
38.07833403,-122.5149323,217.9939728
38.05772774,-122.5151928,305.585144
38.02882257,-122.5189016,208.6257019
38.0065106,-122.5164491,760
38.03857155,-122.583935,760
37.99888365,-122.5475897,468.3396606
37.98155656,-122.530534,490.4448242
37.98395513,-122.5489361,574.2437134
37.98247892,-122.5088954,760
37.99054332,-122.4739251,516.6809692
37.97030442,-122.5367538,510.5340576
37.96577451,-122.5025965,196.1638336
37.95783805,-122.4980855,187.8648071
38.01254415,-122.6685975,760
37.97640439,-122.5941341,539.4290771
38.00299323,-122.5996435,444.3620911
37.99713463,-122.5714818,540.6437378
37.97325544,-122.5655375,485.1741943
37.9622142,-122.5619915,564.7754517
37.94408629,-122.5612443,702.6017456
37.94651228,-122.532891,314.5750427
37.95171275,-122.5245922,441.9533386
37.9358346,-122.5377246,496.1748352
37.93057311,-122.5077403,211.1457977
37.94013878,-122.4902062,376.5857544
37.87806625,-122.470754,305.7091064
37.90242531,-122.4914973,618.1258545
37.88226143,-122.4512474,549.9530029
37.91205102,-122.5404041,610.2528687
37.90071087,-122.5219881,524.6837158
37.91041056,-122.5584363,587.8948364
37.89341555,-122.5459853,601.645874
37.85088812,-122.4862338,760
37.86789283,-122.4965455,415.9565735
37.92287072,-122.6786915,550.5472412
37.87180425,-122.5316944,490.6560059
37.79951286,-122.3976554,406.1240234
37.79980179,-122.4067085,530.2553711
37.79851436,-122.4100463,530.2553711
37.79803315,-122.420549,526.1557007
37.79437229,-122.4198085,526.1557007
37.79074413,-122.4190763,357.1517029
37.79541433,-122.4096275,530.2553711
37.79045812,-122.4034679,524.7722168
37.79047299,-122.4139143,357.1517029
37.79099592,-122.4098064,357.8235168
37.78796465,-122.4185196,357.1517029
37.78584641,-122.4163529,357.1517029
37.78541422,-122.4196435,357.1517029
37.78588983,-122.4107836,357.8235168
37.7830508,-122.4157882,413.4250793
37.77926809,-122.4172075,413.4250793
37.78180161,-122.4123748,390.0710449
37.80226798,-122.4391485,365.4243469
37.80655795,-122.4332718,365.4243469
37.80383217,-122.4449363,300.2782593
37.80196101,-122.4272486,419.8005981
37.80061445,-122.4321075,488.5192566
37.79724477,-122.430514,529.512085
37.79377636,-122.4247502,529.512085
37.79366757,-122.4387445,488.5192566
37.78874344,-122.4524124,492.811676
37.78984894,-122.4407991,517.869812
37.78744588,-122.4234013,439.0401001
37.78791398,-122.4302663,439.0401001
37.78676173,-122.4393346,407.9016724
37.78435251,-122.4510272,492.811676
37.77824954,-122.4564215,407.2660828
37.7789031,-122.447995,468.4493103
37.78170525,-122.4381,468.726532
37.78331906,-122.4293511,439.0401001
37.78232994,-122.4224821,443.296051
37.77998294,-122.4286631,443.296051
37.77604529,-122.429553,443.296051
37.77509953,-122.4369756,468.726532
37.77419096,-122.4477987,468.4493103
37.77049511,-122.4474565,434.6217957
37.77106557,-122.437718,377.9338989
37.77353381,-122.4248942,475.5429993
37.76708805,-122.4324641,377.9338989
37.76488672,-122.4395867,481.0856934
37.76538573,-122.4504567,399.5648804
37.77943975,-122.4107031,390.0710449
37.76734564,-122.4118765,305.7669678
37.77606553,-122.4087021,390.0710449
37.82014786,-122.368601,206.305191
37.77901596,-122.3976825,357.9890442
37.76712047,-122.4241835,475.5429993
37.7649232,-122.4294349,431.1767883
37.75958961,-122.4434776,625.9690552
37.75283545,-122.4444414,684.7384033
37.7595551,-122.4303673,431.1767883
37.75918304,-122.4235752,431.1767883
37.75943516,-122.4191488,263.4144287
37.75181886,-122.418412,344.5058289
37.7515786,-122.4228479,523.0685425
37.75317534,-122.4381307,490.3308411
37.74915265,-122.4364118,490.3308411
37.7495765,-122.4294024,523.0685425
37.7450507,-122.4266887,626.3169556
37.74025866,-122.4393674,624.6849365
37.73936291,-122.4264245,626.3169556
37.75992037,-122.3863079,254.1792297
37.76098423,-122.4020064,499.6132202
37.76071882,-122.4125114,373.1520386
37.75665458,-122.4057755,373.1520386
37.7511976,-122.4139444,344.5058289
37.75134096,-122.4103787,361.0389099
37.75176046,-122.4062449,361.0389099
37.73265181,-122.3958417,300.5204163
37.7344478,-122.3845689,276.2467346
37.73168345,-122.3758137,379.3466492
37.72766222,-122.3861433,280.744812
37.72543582,-122.3977581,422.7853088
37.7439132,-122.4076681,604.2235718
37.74362835,-122.4142584,395.0041199
37.74385168,-122.4201298,395.0041199
37.73691213,-122.4128864,407.5593262
37.73387226,-122.4191855,514.4759521
37.72745552,-122.4369965,513.338562
37.72875246,-122.4223949,580.5245361
37.73171227,-122.4120162,407.5593262
37.72161393,-122.4019963,422.7853088
37.72341569,-122.4108335,476.0089417
37.72356491,-122.4322381,513.338562
37.71960306,-122.4288709,444.5985107
37.71788348,-122.4356877,490.0839233
37.71962311,-122.4431456,492.7510681
37.71286275,-122.4500143,501.3094177
37.71385372,-122.4395288,490.0839233
37.71167364,-122.4307727,444.5985107
37.71308371,-122.4135473,429.0215149
37.71636309,-122.4030264,428.7642517
37.70967703,-122.4154288,538.3035889
37.76426171,-122.4596764,510.105011
37.75833546,-122.4569258,584.5203247
37.76280325,-122.4737721,491.4422913
37.75697194,-122.4692513,491.4422913
37.75244814,-122.473462,520.3790894
37.74624764,-122.4673745,486.6695251
37.75177291,-122.4526353,558.1115723
37.73744923,-122.450313,534.7506714
37.73915479,-122.4679236,486.6695251
37.72824501,-122.4683354,412.6442871
37.7286556,-122.4572035,319.054718
37.72961086,-122.4461751,739.7731934
37.71891757,-122.453538,501.3094177
37.7197819,-122.4674485,554.0467529
37.71333102,-122.4671167,499.6279907
37.71469678,-122.457324,501.3094177
37.75774952,-122.481728,382.1045837
37.7601637,-122.4911624,418.9690857
37.68756748,-122.4120686,382.1280212
37.70445516,-122.4157212,538.3035889
37.70217751,-122.4318115,517.5448608
37.70519473,-122.452924,388.8518982
37.69705886,-122.4569197,353.7189636
37.69747636,-122.4665331,565.8382568
37.705211,-122.4640735,440.0552063
37.70469317,-122.4879855,494.0077515
37.67844783,-122.4926532,652.5372925
37.69426718,-122.4916433,421.5574646
37.69075968,-122.479743,463.8834839
37.68784082,-122.4654826,443.2516785
37.67225085,-122.484885,476.3862
37.66935459,-122.4783321,476.3862
37.67826763,-122.4496455,496.1762085
37.65558537,-122.4608407,548.6862183
37.66960039,-122.4691926,494.9790039
37.66296216,-122.4559378,427.1586609
37.65534516,-122.4459974,491.5985718
37.66592093,-122.4341143,416.8858948
37.66076978,-122.4376294,416.8858948
37.66785933,-122.4203708,760
37.65607629,-122.418615,521.0265503
37.65154268,-122.3987025,258.4577026
37.64445014,-122.4358165,399.1471252
37.64627892,-122.4610869,490.4198608
37.64863554,-122.4751588,473.4244385
37.65953476,-122.4838724,372.6443176
37.6520671,-122.4894962,552.0617676
37.63617699,-122.4839583,735.3914795
37.61596133,-122.4818982,639.0635986
37.58756379,-122.5042712,760
37.58095745,-122.485725,559.1188965
37.59464462,-122.4625786,668.8936768
37.62105565,-122.435862,541.9119263
37.61592051,-122.4162235,442.6068115
37.6234994,-122.4100049,180
37.63315165,-122.4256787,397.6939087
37.62739988,-122.4061544,180
37.60497514,-122.3905184,302.8857422
37.60030923,-122.4181708,655.7026978
37.59366666,-122.4068336,714.0626831
37.5995241,-122.3978345,395.0099182
37.58927042,-122.3982571,581.5976563
37.58165725,-122.3897573,605.2086182
37.58341953,-122.3765278,443.4577637
37.58205106,-122.3618317,393.3514709
37.73221444,-122.4871702,419.8486938
37.72629835,-122.4798187,412.5423584
37.72000955,-122.4824735,460.9230957
37.75762087,-122.4991405,417.0916443
37.75457275,-122.5064968,365.380249
37.74248762,-122.4978428,390.8601074
37.74237458,-122.5050103,375.579834
37.78513246,-122.4618121,368.027832
37.78431414,-122.4683944,388.2523804
37.78335217,-122.4754827,388.2523804
37.78181611,-122.4885765,413.134552
37.78672243,-122.4882062,392.9093933
37.77709768,-122.4679898,348.172821
37.77674363,-122.4755445,348.172821
37.77446035,-122.4837892,339.1340332
37.77583847,-122.4921138,413.134552
37.77964209,-122.4945763,360.6858826
37.77436892,-122.5062985,549.3421631
37.79760666,-122.4667411,555.9495239
37.71939239,-122.4934241,334.6863403
37.71098731,-122.4200431,538.3035889
37.77232252,-122.391977,257.1238708
37.79559875,-122.4040647,406.1240234
37.73680899,-122.3908985,336.0744324
37.7550676,-122.3974415,415.5446167
37.78723856,-122.3932149,418.2402344
37.78452688,-122.501192,484.4060669
37.76906656,-122.4812778,388.8655701
37.71798015,-122.4185918,429.0215149
37.72418474,-122.3688991,380.4772949
37.74567444,-122.3816188,377.5569153
38.26539706,-122.6400216,278.2318726
38.23604418,-122.5876435,305.3851929
38.21869427,-122.5460949,463.2880554
38.23348199,-122.6296251,227.4554443
38.20107122,-122.6258585,519.6737061
38.19949735,-122.6714225,440.0340576
38.244345,-122.6532597,387.1492615
38.25766608,-122.6798498,314.1198425
38.26456155,-122.7528331,311.7707214
38.3013346,-122.6944445,516.0745239
38.32228939,-122.6934553,232.5920258
38.31842796,-122.7071605,385.2893982
38.34336077,-122.706701,227.710495
38.34714264,-122.6932901,196.2343292
38.3562747,-122.6997932,250.0355377
38.34350635,-122.6286135,503.8880615
38.32599494,-122.6768569,283.1204224
38.40822499,-122.6874815,686.9280396
38.397847,-122.7058455,310.3919983
38.37502435,-122.640051,349.8672791
38.41342687,-122.638689,675.6085815
38.46260464,-122.5618281,760
38.42120559,-122.5987519,706.3989258
38.45107301,-122.6657328,369.4512634
38.37048731,-122.6996788,208.7877808
38.44272243,-122.6913162,260.6843567
38.44161969,-122.7133195,252.1188049
38.45919649,-122.7228413,258.578949
38.45708719,-122.7128042,369.5551453
38.46715284,-122.6752129,504.5708008
38.44830086,-122.7069759,241.6137848
38.46008319,-122.6990989,578.3339233
38.48573443,-122.7072344,563.8362427
38.46565138,-122.6567194,351.0125427
38.52249,-122.6391622,716.12146
38.5290265,-122.7469064,348.2525024
38.50432414,-122.79127,241.9654236
37.34987019,-121.9021768,239.407486
37.33960948,-121.9079916,261.4740601
37.33178476,-121.927283,254.92453
37.33342513,-121.9145517,228.3342285
37.33040666,-121.8954267,239.3975525
37.34166058,-121.8881413,281.2208252
37.34887425,-121.891457,227.1910095
37.35404876,-121.8812151,230.9403076
38.48288436,-122.7504256,231.0189056
38.46515179,-122.7356435,242.2606659
38.46117103,-122.7607176,268.0612488
38.47021,-122.7593585,201.3546143
38.47198477,-122.7996823,297.6994324
38.45090774,-122.7366936,252.1258087
38.44111641,-122.7328792,242.2520142
38.4340223,-122.7380943,244.1132965
38.43347605,-122.8012202,218.1264496
38.42011239,-122.7216868,270.5984497
38.419813,-122.7341788,265.2301331
38.42989923,-122.7217445,242.2462463
38.38804156,-122.7283808,206.37677
38.39542438,-122.7670232,201.3546143
38.41297328,-122.842374,331.7659302
38.3806464,-122.7996641,305.9642639
37.35624759,-121.9984077,272.5056763
37.36128297,-122.0021259,254.7684631
37.37589429,-122.0410043,313.7190247
37.37277348,-122.0289046,291.3243408
37.36978848,-122.0110208,299.7697754
37.38002433,-122.0047758,260.5112305
37.39103817,-122.006343,244.8687897
37.39140904,-122.0385453,303.2422485
37.37875595,-122.0625426,280.6190796
37.37860459,-122.0504639,296.2963257
37.33873465,-121.8745555,257.8112488
37.35159718,-121.8696919,218.2579498
37.34539343,-121.8663709,218.2579498
37.34172874,-121.8583153,230.9390411
37.32946369,-121.8750602,214.8444214
37.32330927,-121.8864431,263.3848877
37.31635429,-121.8971767,254.9243927
37.31910382,-121.90878,294.1036682
37.32338605,-121.9317775,231.9738312
37.31996874,-121.9182705,244.861908
37.31027587,-121.9254506,286.6786804
37.30480559,-121.9205995,243.6326599
37.29808614,-121.9207057,243.6326599
37.29946642,-121.9095378,286.1340637
37.30827115,-121.908419,258.2286682
37.30476444,-121.8926154,259.6832581
37.29023602,-121.9147353,263.3828125
37.28757632,-121.9272744,266.4267883
37.28399813,-121.9370154,291.227417
37.27084797,-121.9378726,272.4935913
37.25818524,-121.9426185,306.3001709
37.27145052,-121.9271075,267.6066284
37.27361111,-121.9156764,259.5011292
38.34400528,-122.7931545,436.0248108
38.34655473,-122.878543,545.5881958
38.42058796,-122.8881877,530.2561035
38.4740699,-123.0089208,680.5948486
38.53093611,-123.006377,527.0672607
38.52207451,-122.9374653,760
38.45909495,-122.899806,514.8466187
37.40037985,-122.0569494,272.511322
37.39153787,-122.0597911,301.0467529
37.40593715,-122.0838861,254.9261169
37.40923779,-122.1005939,272.512146
37.40603375,-122.0922779,278.6824341
37.41744523,-122.0952047,225.3322296
37.4070194,-122.1144813,302.9376526
37.40186641,-122.1055513,297.6832275
37.3944365,-122.0896588,310.3761292
37.39081755,-122.0804602,284.9288635
37.37745099,-122.0894805,322.3636475
37.37872841,-122.0824039,322.3636475
37.36956284,-122.0863671,306.2230835
37.37014971,-122.0719788,316.7307129
37.35921426,-122.087205,306.223053
37.3408188,-122.0799812,413.342865
37.37192534,-122.1017656,340.2575684
37.37750156,-122.1116044,391.467926
37.39202563,-122.1096425,334.8249207
37.39273048,-122.1200855,317.7727966
37.41857875,-122.1288735,230.9445496
37.42706285,-122.1097962,191.3621674
37.42055066,-122.118409,249.3090973
37.42767187,-122.1296537,227.2146606
37.44581776,-122.1324998,191.3664246
37.45110755,-122.1470441,217.7677002
37.27796086,-121.9050559,266.4920654
37.24782147,-121.9014179,301.7497559
37.25936862,-121.9088452,269.7485657
37.25648027,-121.8874815,294.0929565
37.24981203,-121.8853865,270.4324646
37.28406774,-121.8919558,259.6779175
37.27685257,-121.8873054,243.6223602
37.32628701,-121.8587937,254.92453
37.2834944,-121.8737531,578.6793213
37.32266547,-121.8397442,268.0431213
37.32232365,-121.8709841,210.8847809
37.31573078,-121.8808225,290.8805847
37.28912414,-121.8576074,519.4330444
37.32737198,-121.8515525,196.0491791
37.31864783,-121.8429572,268.0431213
37.30615558,-121.8725293,263.3836365
37.30914632,-121.857079,257.7904053
37.28923568,-121.8392263,296.2656555
37.29464654,-121.8154744,267.7854614
37.28067611,-121.8155166,226.9974213
37.29037741,-121.8228779,257.1669312
37.30455081,-121.8235185,265.4020081
37.3057315,-121.841885,266.1352539
37.2991901,-121.8479774,286.1340637
37.28665329,-121.8302496,206.2397156
37.31266931,-121.8211502,260.4993591
37.31992821,-121.8147286,251.5093079
38.52918587,-122.8432111,384.4178162
38.57913574,-122.736464,532.9325562
38.54269691,-122.8080743,276.6591797
38.5331443,-122.7812854,260.3351135
38.61294114,-122.8220898,740.6657104
38.60663142,-122.863911,241.9681702
38.72996091,-122.8223871,760
38.83457536,-123.0240035,449.2825012
38.78007194,-123.0989099,390.7156372
37.44806855,-122.1622506,243.6921997
37.41453648,-122.15862,420.5959473
37.42722192,-122.1784855,313.743988
37.43848453,-122.1744276,248.4074097
37.37829694,-122.1318844,438.0715637
37.36121212,-122.1409638,409.0166016
37.40098819,-122.163993,497.9798584
37.15999215,-121.9229432,760
37.21475786,-121.8585194,308.452301
37.21969986,-121.8541626,541.6939087
37.19251542,-121.857885,760
37.21301543,-121.8694766,308.452301
37.33143277,-121.8221611,261.6183167
37.34884138,-121.7629826,723.0158691
37.33129255,-121.7765499,506.459137
37.33264841,-121.8066633,300.2154236
37.34016033,-121.7968935,408.9853516
37.32763986,-121.7892951,364.5600281
37.32071762,-121.7888893,315.1498413
37.32489896,-121.7642237,760
37.3086296,-121.7866255,377.2750244
37.30902658,-121.739799,760
37.29490066,-121.7588482,428.1223145
37.28155846,-121.7383975,630.8742676
37.30107199,-121.7886179,389.8283386
37.27916591,-121.7689266,465.2531128
37.30100066,-121.8099287,314.6596375
37.33307794,-121.8400196,239.3975525
37.32330007,-121.8315145,230.9377747
37.34365464,-121.8272343,266.545166
37.35452514,-121.8114297,477.3295593
37.35009438,-121.8011325,430.4093933
37.34946281,-121.8196554,296.1797485
37.34261203,-121.8140596,265.4170837
37.36453444,-121.8620379,294.0270996
37.35468925,-121.8470028,287.4437561
38.36477682,-122.9837742,533.980957
37.44314243,-122.1533474,283.2697144
37.19838103,-121.8101085,399.4461365
37.22761812,-121.8911224,377.2825623
37.23057073,-121.8770478,299.6798401
37.24468312,-121.881996,276.1676636
37.23677542,-121.8966693,336.2373962
37.25692868,-121.7683316,758.6293945
37.27310785,-121.8167842,338.5171204
37.27077546,-121.8458086,227.1674652
37.263891,-121.8238901,369.4515076
37.25524001,-121.8108436,214.8444214
37.25505028,-121.8243647,217.6991119
37.26040382,-121.8670599,274.625824
37.26072694,-121.852339,250.8926239
37.25290261,-121.8587873,249.4060822
37.24764323,-121.8159439,227.1620483
37.23251611,-121.8243307,558.2822266
37.23151779,-121.8102775,383.6061401
37.23248391,-121.7816475,243.6017761
37.34986017,-121.8445267,218.2579498
37.36471256,-121.8410722,332.5082703
37.38428188,-121.83549,335.1416016
37.38364452,-121.8496119,299.7851257
37.37586502,-121.8448871,339.8461304
37.37354337,-121.8283228,434.9100952
37.35861296,-121.8272462,296.1861572
37.35470939,-121.834134,288.0267944
37.36933256,-121.8204204,437.9138489
37.36408148,-121.814982,437.9138489
37.38459803,-121.8210739,559.8980103
37.37635992,-121.7921528,617.4732056
37.41185934,-121.8201732,744.0469971
37.37756826,-121.8847111,261.0632019
37.40178111,-121.8548937,391.2897949
37.40933408,-121.8596692,366.3040161
37.38286736,-121.8767271,282.9145813
37.37019842,-121.891745,261.0632019
37.3736163,-121.8673264,315.8675537
37.2388446,-121.796466,282.770874
37.22363638,-121.7616178,411.1669617
37.24109216,-121.824521,243.6069183
37.23494133,-121.7621083,316.7307129
37.24890881,-121.7863959,210.8533783
37.26613079,-121.8144847,311.6006165
37.23853327,-121.8351828,208.2646332
37.24108866,-121.8444899,208.2646332
37.2464812,-121.8651302,249.4060822
37.24360969,-121.8535259,302.9715271
37.17634939,-121.7258097,328.852356
37.13395299,-121.6894725,386.3175354
37.09972729,-121.6366993,251.3908539
37.15224882,-121.6255914,284.9025879
37.11775768,-121.6323205,254.7243195
37.14959208,-121.6599834,225.1463623
37.11595153,-121.6532452,407.5392761
37.12837493,-121.6632181,287.2323914
37.06651166,-121.6339683,548.8280029
37.39301406,-121.8651265,308.0896912
37.39435263,-121.8929387,283.2134094
37.39875735,-121.881057,277.4777222
37.41606812,-121.8648715,738.0255127
37.43947619,-121.8817443,365.5423584
37.44032076,-121.896623,251.569046
37.42551893,-121.8660495,398.6755066
37.41994978,-121.875696,331.9333191
37.43364538,-121.8470741,555.4727783
37.46049031,-121.8689979,760
37.45132846,-121.9010422,442.7401733
37.43361455,-121.8707691,568.9943237
37.4216158,-121.8964366,271.7635803
37.40906615,-121.9022495,206.2547607
37.45031464,-121.9162182,217.7654724
37.43569698,-121.9129089,239.4540405
37.44454695,-122.0860195,180
37.43875656,-121.9917606,180
37.40038905,-121.99117,253.9981689
37.40100967,-122.0195698,238.1330109
37.40314347,-122.0035284,217.7499237
37.39616622,-121.9508257,241.9338837
37.40027108,-121.971181,201.3546143
37.09608607,-121.5717717,540.1634521
37.02982838,-121.6239724,279.3527527
37.02301408,-121.5817994,187.8648071
36.98780088,-121.5713969,261.4109497
36.97043173,-121.586321,760
37.00001694,-121.52095,243.5072784
37.00175546,-121.5627105,249.7989807
37.4288838,-122.1618317,259.5979614
37.39337017,-121.9210496,267.841095
37.38518413,-121.9480342,217.7432709
37.40542516,-121.9438244,214.8444214
37.41506674,-121.945546,196.0657959
37.36290603,-121.9240137,274.8688965
37.37704077,-121.9734333,227.1982727
37.36720772,-121.9808573,206.2494812
37.35827275,-121.9639066,261.4743652
37.35937977,-121.9813719,267.4625549
37.35910729,-121.9905588,285.7028503
37.3461137,-121.9734957,261.0523071
37.34182047,-121.9862074,286.1451721
37.34715458,-121.962046,244.2129364
37.35098017,-121.9460618,259.6957703
37.34178133,-121.944186,249.9828033
37.33075121,-121.945282,282.0327454
37.33027943,-121.9571342,254.1802673
37.33417526,-121.9845911,286.1451721
37.33139997,-121.9714389,218.2563171
37.30109942,-121.9904264,286.1340637
37.32071943,-121.9828205,259.6885986
37.31367701,-121.9864301,288.0175476
37.30892089,-121.9568783,244.204361
37.5480456,-122.3483392,540.2679443
37.56803738,-122.345125,355.6556396
37.57237347,-122.3340817,296.2962952
37.58266804,-122.3200393,238.1754761
37.5727187,-122.3220699,254.9293518
37.56551143,-122.3140508,225.4304047
37.55943479,-122.3258595,326.6896667
37.31234632,-121.9703212,254.7889404
37.30453817,-121.9716779,261.0332642
37.316358,-121.9452899,271.7112427
37.30157498,-121.945032,287.3859558
37.2878354,-121.942655,254.9236603
37.28564601,-121.9547546,294.429657
37.29285105,-121.9823729,280.5932312
37.28219159,-121.9693574,270.1655273
37.27967798,-121.9823155,274.7915039
37.29020765,-121.9687806,266.4276733
37.27062277,-121.9792918,282.2532654
37.27430368,-121.9625571,282.0227661
37.26470591,-121.966919,301.7503662
37.24221664,-121.9563476,353.6907654
37.24693554,-121.9363029,305.3630066
37.23975405,-121.9402765,365.2972717
37.2276304,-121.9321547,586.6456299
37.22125328,-121.9933664,760
37.55422356,-122.3293155,424.1529236
37.54044628,-122.3235711,576.5166016
37.52948003,-122.3377714,528.7357788
37.52014418,-122.3457948,476.9893494
37.52610299,-122.3221525,432.0575562
37.53327,-122.2976211,391.6402893
37.53418158,-122.3119383,369.9102783
37.54303314,-122.3078105,293.2084045
37.54668342,-122.2997053,259.7532654
37.5709925,-122.3034846,274.7245178
37.56499179,-122.3027587,287.8251648
37.5608944,-122.2948706,254.9292297
37.55990132,-122.286928,208.4119415
37.54891575,-122.2672708,250.0966644
37.56139351,-122.2751915,206.2737122
37.53743507,-122.2640495,230.95224
37.54104078,-122.273348,230.9531097
37.5567359,-122.2502812,191.3906097
37.54608208,-122.2847974,214.8444214
37.5374236,-122.2888773,254.8602753
37.5270346,-122.2737278,210.971756
37.52080903,-122.2884417,503.9612122
37.20793131,-121.9506855,760
37.23626383,-121.9751122,370.1962585
37.25752412,-121.9811541,432.170105
37.24359348,-121.985885,399.8106995
37.25906266,-122.0078884,359.9220276
37.23828684,-122.0291959,760
37.28825182,-122.0182811,360.4032898
37.28190876,-121.9995038,276.1555481
37.2712181,-122.0526525,691.335144
37.31917152,-122.0481945,365.0196533
37.29895492,-122.059836,581.2141724
37.31353515,-122.0758481,586.7631226
37.33330128,-122.0523659,343.2634277
37.30231109,-122.0379082,395.3399048
37.30260398,-122.0101821,305.4244995
37.30186195,-122.0019056,294.1004639
37.30264217,-122.028101,334.4052734
37.31664607,-122.0226593,261.0414124
37.31706489,-122.0102658,306.4911194
38.11655208,-122.2219192,428.4810181
38.1139496,-122.2082148,513.6442261
38.12955348,-122.214216,525.5614014
38.13368223,-122.1874439,520.0927124
38.10493141,-122.2235775,360.4770203
38.09496579,-122.2239232,412.5597534
38.0929754,-122.2113338,396.2093506
38.09107582,-122.2022888,359.6889343
38.07044376,-122.2180665,544.5441895
38.07042336,-122.2033569,514.2283936
38.09139977,-122.246864,274.1036682
38.13575848,-122.3163355,187.8648071
38.10153359,-122.2597947,294.4385986
37.51658216,-122.3109957,535.3460693
37.50459924,-122.3102856,534.1799316
37.51455611,-122.274123,502.2938232
37.51019767,-122.25549,208.3862762
37.50783121,-122.2659703,514.6524048
37.49477671,-122.2630693,579.4490356
37.50488206,-122.2775763,665.3353271
37.49517272,-122.2835648,609.7322388
37.47965524,-122.2915063,539.6378174
37.46537592,-122.2744796,665.7824707
37.47213188,-122.2531471,436.7991943
37.48010392,-122.2477968,275.9506836
37.48461355,-122.2411804,284.1772461
37.4850293,-122.2189358,227.1287537
37.48804102,-122.2284515,238.1541901
37.47974516,-122.2235438,227.1287537
37.51171872,-122.2107339,208.3862762
37.54096157,-122.2397764,248.4099884
37.31638292,-122.0012574,272.500824
37.33034692,-122.0048654,290.8881226
37.34493292,-122.0049664,276.1690979
37.34507657,-122.0268375,310.1746826
37.34458078,-122.0178825,303.0390015
37.34487472,-122.0571203,301.551239
37.34481674,-122.0369722,303.2391663
37.36270081,-122.0562281,296.1893921
38.0969841,-122.2365408,227.4116974
38.10528782,-122.2365309,306.0277405
38.11472926,-122.235738,397.6907043
38.12371148,-122.2395093,431.7993164
38.10831272,-122.2592918,440.9637451
38.11604859,-122.2669703,462.3998718
38.12823616,-122.2566265,292.3778992
38.13853863,-122.2662281,246.9063416
38.14971178,-122.2766861,244.9463806
38.13575895,-122.2368744,404.8203735
38.14871682,-122.2265999,547.041687
38.05477496,-122.173538,412.1517029
38.08755023,-122.1064698,357.0289001
38.10474517,-122.1948177,646.5986938
38.09293611,-122.1666447,582.7331543
38.07265966,-122.1732557,471.948822
38.06967773,-122.154113,498.5115356
38.0608377,-122.1630671,524.9933472
38.25407883,-122.166098,344.72995
37.52882488,-122.2555341,257.9369507
37.4796702,-122.2043458,240.897995
37.47451815,-122.1975564,274.6287537
37.46982592,-122.2190562,274.6287537
37.47013961,-122.2259374,269.761322
37.47657109,-122.2319079,269.761322
37.46638925,-122.233695,261.4762268
37.45762547,-122.2527298,579.2692871
37.45235401,-122.2253177,305.3526917
37.44761724,-122.2116387,282.6360474
37.46769049,-122.1773398,280.6490784
37.4900675,-122.1573872,180
37.48206362,-122.1324933,228.3342285
37.46450926,-122.1291129,249.5278168
37.46805892,-122.1465564,241.9359283
37.45573369,-122.1778642,246.6371765
37.44916858,-122.1816614,304.4813843
37.44396984,-122.1887941,304.4813843
37.43647961,-122.1923449,271.9824524
37.43298444,-122.2042115,300.8479614
38.16485148,-122.1441688,666.0227051
38.21862562,-122.0995253,206.3552856
38.2976647,-122.0901882,286.1163025
38.29491793,-122.0490975,454.7597046
38.30450745,-122.0242628,556.387085
38.27700389,-122.0358786,274.6402588
38.2841209,-122.0149799,268.0583801
38.25341189,-122.0580605,244.9575653
38.22501849,-122.0676748,298.5204468
38.25447099,-122.041565,266.5683289
38.26422429,-122.0512408,327.5225525
38.26555703,-122.0396732,244.9588928
38.26552566,-122.0295717,259.9655457
38.25433071,-122.0298392,276.2236938
38.2700218,-122.0063507,191.5576782
38.26389262,-122.0140324,261.490509
38.14521493,-121.9826486,211.2382965
37.37422925,-122.2165193,542.9067993
37.44033826,-122.2487719,377.4340515
37.41762183,-122.2788622,760
37.53175653,-122.4056805,608.7981567
37.52090532,-122.4669836,760
37.54061877,-122.4979406,661.2532959
37.44827895,-122.3740504,500.3731384
37.62150309,-122.3823658,254.1121368
38.24857824,-122.0272549,232.5408936
38.24787295,-121.9976017,231.0022125
38.25659572,-121.9801145,307.9885559
38.26023415,-122.0004942,269.8104248
38.27972874,-121.9451243,288.3385925
38.43818313,-122.032707,499.1225891
38.40344517,-121.9325777,249.5143585
38.34244406,-121.956892,320.1215515
38.34439756,-121.9231903,191.5754547
38.37041081,-121.9461325,218.1030273
38.35723929,-121.9443556,260.2115173
38.32586869,-121.9655361,244.0669556
38.33234269,-121.9428788,244.9661713
38.31818814,-121.930293,275.7313232
38.35051,-122.0062934,315.9030151
38.35391422,-121.9670687,287.2968445
38.3417247,-121.9660258,228.3342285
38.34212699,-121.9790506,298.6493225
37.42126756,-122.2056117,423.1654663
38.32984868,-122.0011105,652.3870239
38.37032754,-122.0115166,286.4902039
38.37823766,-121.9857519,609.2528076
38.37382195,-121.9725912,260.2242432
38.39613273,-121.9729133,267.379303
38.41704453,-121.7570663,218.3544617
38.43685788,-121.8471147,232.6592255
38.45984295,-121.8315513,191.6022491
38.20434082,-121.7769087,311.6074219
38.25292084,-121.9542623,268.0578613
38.21616289,-122.4308701,191.5458527
38.31882342,-122.4393635,613.3991699
38.27753701,-122.4621595,257.164093
38.30035647,-122.5229286,653.7956543
38.30672845,-122.4902314,305.3102722
38.32599873,-122.4928082,462.0129089
38.33593441,-122.470744,614.3325806
38.38342791,-122.497007,598.6939697
38.24402381,-122.6067858,292.0982971
38.24986978,-122.619086,286.4208069
38.27687097,-122.6392755,363.5975952
37.65184028,-122.0851329,268.0482788
37.69304665,-121.8924195,187.8648071
37.94024695,-122.0080865,625.4951782
37.86684553,-122.2771324,396.5735168
37.8208083,-122.2733924,311.6574707
38.28666926,-122.2891123,300.4438171
37.78509102,-122.4340616,407.9016724
37.68112341,-122.4787928,406.1486511
37.40867568,-122.1302134,295.6315308
37.48248749,-122.1914049,228.3342285
37.34654858,-121.8787083,285.4719849
37.35791063,-121.8538334,275.841156
37.29736694,-121.9693383,266.4276733
38.10444857,-122.2101537,461.2240295
38.3342183,-122.7002015,244.0696716
37.58691106,-122.0766221,196.0959015
37.90109285,-122.3051641,333.1349182
37.68116634,-121.8866007,250.1697388
37.78705481,-122.4120563,357.8235168
37.3795938,-122.0565362,300.8475342
