region,hazard,rp,new_pov,new_sub,init_pov,init_sub,reg_pop
ARMM,EQ,1,592.3219255682124,890.1078752937962,1207449.8274699994,783053.5235899996,3706900.4411799954
ARMM,EQ,10,948.7287589300016,1514.530761628514,1207449.8274699992,783053.5235900006,3706900.4411799894
ARMM,EQ,25,6901.541320746299,11137.848150501144,1207449.8274700006,783053.523589999,3706900.441180001
ARMM,EQ,30,9145.722176780404,14670.500306507889,1207449.8274699997,783053.5235899998,3706900.4411800117
ARMM,EQ,50,22114.87769732489,35455.90754215595,1207449.8274699983,783053.5235900005,3706900.441179996
ARMM,EQ,100,56713.878749730065,90677.57417255807,1207449.8274699978,783053.5235899995,3706900.4411800043
ARMM,EQ,200,103003.51302033637,170941.4784267419,1207449.8274699987,783053.5235899998,3706900.4411799996
ARMM,EQ,250,121353.12583512104,191855.10769683684,1207449.8274699997,783053.5235900008,3706900.4411800094
ARMM,EQ,500,171219.14940745663,294969.9600861976,1207449.8274700048,783053.5235900005,3706900.4411799894
ARMM,EQ,1000,243181.8080103935,398516.28729686013,1207449.82747,783053.523590001,3706900.441180012
ARMM,EQ,2000,394518.4271896453,669099.5638322253,1207449.8274700032,783053.5235900009,3706900.4411800075
ARMM,HU,1,0.005834813450400002,0.008438155835900005,1207449.8274699985,783053.52359,3706900.441180002
ARMM,HU,10,0.005789158718200002,0.0082260160859,1207449.8274699985,783053.52359,3706900.441180002
ARMM,HU,25,78.58204817439126,105.53191152529664,1207449.8274700008,783053.5235899998,3706900.441180008
ARMM,HU,30,125.76841736471884,169.1804744573027,1207449.827469999,783053.5235899995,3706900.4411800145
ARMM,HU,50,428.1029895836559,612.4892014639357,1207449.8274700001,783053.5235900001,3706900.4411799964
ARMM,HU,100,1799.2645979739084,2525.828164350058,1207449.82747,783053.5235899991,3706900.441180014
ARMM,HU,200,5329.667410158009,7098.606757549051,1207449.8274700004,783053.5235899998,3706900.4411800005
ARMM,HU,250,7646.838950286937,11172.218628201212,1207449.8274699992,783053.5235899999,3706900.4411800103
ARMM,HU,500,20781.102873285432,27107.4667705387,1207449.8274699994,783053.5235900001,3706900.4411800094
ARMM,HU,1000,30479.60309689931,41498.44781918259,1207449.8274700018,783053.5235900002,3706900.441180014
ARMM,HU,2000,171207.91037095725,230042.59282615018,1207449.827470002,783053.5235899992,3706900.441179983
ARMM,PF,1,34.2712314631736,50.339572466074586,1207449.827469997,783053.5235900003,3706900.4411800057
ARMM,PF,10,70.03094557847999,96.66254087049387,1207449.8274700034,783053.5235899998,3706900.441179994
ARMM,PF,25,478.43753604267437,638.0350070055378,1207449.8274700004,783053.5235899988,3706900.4411800127
ARMM,PF,30,812.5224121203988,1105.970774202045,1207449.8274700018,783053.5235899991,3706900.441179991
ARMM,PF,50,2140.586894665422,2944.488930271028,1207449.8274700018,783053.5235900006,3706900.4411799964
ARMM,PF,100,4846.748487531672,6599.877113441757,1207449.8274699969,783053.5235900002,3706900.4411799996
ARMM,PF,200,7350.7915339051315,10389.320786297998,1207449.8274699983,783053.5235899993,3706900.441180008
ARMM,PF,250,9252.547795514534,12350.177886613254,1207449.8274699976,783053.5235900006,3706900.4411800117
ARMM,PF,500,14650.722193933185,19827.38287480408,1207449.827469998,783053.5235900007,3706900.4411799978
ARMM,PF,1000,21167.7685366533,27575.53859595101,1207449.827470001,783053.5235899996,3706900.4411799964
ARMM,PF,2000,41118.15219096266,54614.068541671884,1207449.8274699997,783053.5235900007,3706900.441179985
ARMM,SS,1,0.006030193893500007,0.008398984237100001,1207449.8274699985,783053.52359,3706900.441180002
ARMM,SS,10,0.0060564146361,0.0081927639879,1207449.8274699985,783053.52359,3706900.441180002
ARMM,SS,25,0.0060043594650000046,0.008191203621499995,1207449.8274699985,783053.52359,3706900.441180002
ARMM,SS,30,0.005847222008700004,0.008255196649599998,1207449.8274699985,783053.52359,3706900.441180002
ARMM,SS,50,0.005839705761800004,0.008467223359500002,1207449.8274699985,783053.52359,3706900.441180002
ARMM,SS,100,0.006103439517100002,0.008327090828300002,1207449.8274699985,783053.52359,3706900.441180002
ARMM,SS,200,0.006429243572000001,0.008121101781199997,1207449.8274699985,783053.52359,3706900.441180002
ARMM,SS,250,0.006065333282700004,0.008287317545999998,1207449.8274699985,783053.52359,3706900.441180002
ARMM,SS,500,0.0062075498367000015,0.008243375800299997,1207449.8274699985,783053.52359,3706900.441180002
ARMM,SS,1000,0.005920100142300003,0.008236802040300003,1207449.8274699985,783053.52359,3706900.441180002
ARMM,SS,2000,201.14781344508918,291.4896441474608,1207449.8274699969,783053.5235899988,3706900.4411799884
CAR,EQ,1,6.709865363650329,4.79884474398312,226826.77379999997,124763.20586,1783500.1087300023
CAR,EQ,10,8.471607631789206,6.363643516217439,226826.7738,124763.20586000005,1783500.1087300018
CAR,EQ,25,477.7037605254446,367.07985667205986,226826.7738,124763.20586000003,1783500.1087300056
CAR,EQ,30,891.5971823246371,658.3294025658663,226826.77379999997,124763.20586000002,1783500.108730007
CAR,EQ,50,3085.347114703648,2303.8299871262866,226826.7737999999,124763.20586,1783500.1087299997
CAR,EQ,100,12654.535799749647,9784.113773319179,226826.77380000008,124763.20586,1783500.10873
CAR,EQ,200,27326.038979303477,20555.88591277501,226826.77379999985,124763.20586000002,1783500.1087299963
CAR,EQ,250,38190.11448242346,28578.529222405316,226826.7738000001,124763.20585999996,1783500.1087299914
CAR,EQ,500,69412.47100188334,53559.26611172291,226826.77380000026,124763.20586000002,1783500.1087300004
CAR,EQ,1000,106722.88599005884,80613.2197065359,226826.77380000014,124763.20586000003,1783500.1087300049
CAR,EQ,2000,210140.92261149993,289304.30106850027,226826.77380000037,124763.20586,1783500.1087300002
CAR,HU,1,558.1056943067275,376.0341823225964,226826.77380000008,124763.20585999999,1783500.1087300035
CAR,HU,10,3456.9270938706513,2194.8443851093266,226826.77379999997,124763.20586,1783500.1087300004
CAR,HU,25,9900.375895116096,5441.121411077642,226826.77380000008,124763.20585999999,1783500.1087299997
CAR,HU,30,10540.352283258571,6360.158837171806,226826.7738,124763.20585999997,1783500.1087299965
CAR,HU,50,15228.32283524225,10143.93847984032,226826.77379999997,124763.20586,1783500.1087300025
CAR,HU,100,21059.952469074087,15143.276974257718,226826.7738000002,124763.20586000002,1783500.1087300014
CAR,HU,200,33242.51716160046,22592.76224286994,226826.77379999982,124763.20586,1783500.1087299988
CAR,HU,250,38149.791851826754,25555.984820483438,226826.7737999999,124763.20585999999,1783500.10873
CAR,HU,500,48475.217021091536,32088.84989495931,226826.77379999985,124763.20585999994,1783500.1087300032
CAR,HU,1000,58185.40075262804,39562.588443543864,226826.77380000014,124763.20586000006,1783500.108729997
CAR,HU,2000,0.001179359977126,0.0007791666756151249,226826.7737999999,124763.20586000003,1783500.1087299974
CAR,PF,1,512.4055505948625,264.2105037765589,226826.77379999988,124763.20586000005,1783500.1087300028
CAR,PF,10,2114.8063693547356,1462.02688425102,226826.77380000002,124763.20585999996,1783500.1087300007
CAR,PF,25,4985.318315910586,3567.9616576935555,226826.7738,124763.20586,1783500.1087299979
CAR,PF,30,5294.0648049621905,3804.413109875015,226826.77379999994,124763.20586,1783500.1087300037
CAR,PF,50,8177.9245820432025,4915.535083903673,226826.77379999988,124763.20586,1783500.1087300007
CAR,PF,100,12820.464778628997,8637.621276427453,226826.77380000002,124763.20586000003,1783500.1087300035
CAR,PF,200,20146.52813173859,15367.039635987052,226826.7738,124763.20585999996,1783500.1087300004
CAR,PF,250,20433.132341349534,15988.766383892591,226826.77380000026,124763.20586000003,1783500.1087300002
CAR,PF,500,26739.072202248415,15407.872390667486,226826.77379999997,124763.20585999999,1783500.1087299997
CAR,PF,1000,26159.945915227454,17790.82459866775,226826.77379999997,124763.20586000002,1783500.108729998
CAR,PF,2000,0.0011833436934771402,0.0007738657903926712,226826.7737999999,124763.20586000005,1783500.1087299979
I - Ilocos,EQ,1,715.7489289285353,345.5579993805733,498991.98615999985,172094.4782,5135999.7872799905
I - Ilocos,EQ,10,842.1399532825889,416.7817001277855,498991.9861600001,172094.47820000004,5135999.78727999
I - Ilocos,EQ,25,14297.37433718068,7023.946517062447,498991.98615999974,172094.47819999998,5135999.787280002
I - Ilocos,EQ,30,22820.16647658238,10062.922183684863,498991.98615999974,172094.47819999998,5135999.787279997
I - Ilocos,EQ,50,66992.02785572386,30687.77879795953,498991.9861600001,172094.47819999998,5135999.787279998
I - Ilocos,EQ,100,226452.06279560982,104454.94270454437,498991.9861600002,172094.47819999992,5135999.787279984
I - Ilocos,EQ,200,454986.40376711596,210976.60319140358,498991.9861600003,172094.47819999995,5135999.787280004
I - Ilocos,EQ,250,586088.0518700001,291144.5482820001,498991.98615999985,172094.47820000013,5135999.787279983
I - Ilocos,EQ,500,763155.0543404999,689300.6382689996,498991.98615999985,172094.47820000013,5135999.787279983
I - Ilocos,EQ,1000,808708.0968854999,986828.3271049996,498991.98615999985,172094.47820000013,5135999.787279983
I - Ilocos,EQ,2000,430262.4918475,3600854.4167885035,498991.98615999985,172094.47820000013,5135999.787279983
I - Ilocos,HU,1,5191.8364876836595,2205.097687590043,498991.9861599998,172094.47820000013,5135999.787280014
I - Ilocos,HU,10,29212.413333796325,11716.693686626564,498991.98616,172094.47819999995,5135999.787279995
I - Ilocos,HU,25,82795.88722415859,33733.52196691885,498991.9861599998,172094.4782,5135999.787280007
I - Ilocos,HU,30,92666.15206413313,39891.951340252934,498991.9861599998,172094.4782,5135999.787280017
I - Ilocos,HU,50,138707.82875383986,57196.99172450678,498991.9861599998,172094.47819999995,5135999.787280016
I - Ilocos,HU,100,219295.40222499854,92756.78680139512,498991.9861600002,172094.47820000004,5135999.787279994
I - Ilocos,HU,200,326923.5755117105,135811.56712926432,498991.98616000003,172094.4782,5135999.787280039
I - Ilocos,HU,250,383276.1573602613,141770.36422795992,498991.9861600001,172094.47819999998,5135999.787280007
I - Ilocos,HU,500,507279.0720910003,211092.90022650003,498991.98615999985,172094.47820000013,5135999.787279983
I - Ilocos,HU,1000,614695.0654085001,335738.45378399995,498991.98615999985,172094.47820000013,5135999.787279983
I - Ilocos,HU,2000,0.00459815250690461,0.001867210306982282,498991.98616000003,172094.47819999998,5135999.787279989
I - Ilocos,PF,1,1276.0379927748256,508.4331870250452,498991.98616000003,172094.47820000004,5135999.787280013
I - Ilocos,PF,10,5172.711456451007,2131.7711525871227,498991.9861599999,172094.4782,5135999.78728001
I - Ilocos,PF,25,14774.23582248554,5702.067860032546,498991.98616000003,172094.47819999998,5135999.787280005
I - Ilocos,PF,30,17997.924166169152,6798.5926481297065,498991.9861599999,172094.47820000007,5135999.787280015
I - Ilocos,PF,50,30519.862766976086,11154.711846617794,498991.9861600003,172094.47819999995,5135999.787279989
I - Ilocos,PF,100,49786.91390833016,19487.4223535674,498991.9861599999,172094.47820000004,5135999.787279999
I - Ilocos,PF,200,68364.24463252378,29739.64120776777,498991.98616000055,172094.47819999992,5135999.787279986
I - Ilocos,PF,250,76102.7007763758,30979.56923267209,498991.9861599999,172094.47819999998,5135999.787280016
I - Ilocos,PF,500,93674.38787657348,38477.14468917214,498991.98616000003,172094.47820000004,5135999.787279998
I - Ilocos,PF,1000,120948.46080498316,45641.02726139775,498991.98616000003,172094.47820000004,5135999.787280008
I - Ilocos,PF,2000,0.004570059599794519,0.0018038577716505285,498991.98616000015,172094.47819999998,5135999.787279989
I - Ilocos,SS,1,0.004775910687299999,0.0017420280927000003,498991.98616000003,172094.47819999998,5135999.787279989
I - Ilocos,SS,10,0.0046076164832,0.0017295750426,498991.98616000003,172094.47819999998,5135999.787279989
I - Ilocos,SS,25,1427.9907646082174,594.4382503787717,498991.98616000003,172094.4782,5135999.787279987
I - Ilocos,SS,30,1652.9318265802258,700.4612693722394,498991.98615999974,172094.4782,5135999.787279988
I - Ilocos,SS,50,2888.022778469391,1232.2779944637327,498991.9861599997,172094.47820000004,5135999.787280002
I - Ilocos,SS,100,3617.759161894417,1311.4374894775988,498991.98616000003,172094.47819999998,5135999.787279998
I - Ilocos,SS,200,4125.126879432039,1623.5102626439264,498991.98616,172094.47819999998,5135999.787279992
I - Ilocos,SS,250,4406.6140712714905,1747.512100373605,498991.9861600001,172094.47819999995,5135999.787280023
I - Ilocos,SS,500,4880.376848336947,1876.9423949747322,498991.98616000003,172094.47819999995,5135999.7872799905
I - Ilocos,SS,1000,5324.187467888104,2177.092255955741,498991.98616000003,172094.4782,5135999.787279985
I - Ilocos,SS,2000,113869.7009649048,47228.507020557845,498991.9861599996,172094.47819999992,5135999.7872799765
II - Cagayan Valley,EQ,1,489.2039243484893,309.3990290175539,462614.59881,91000.91563999999,3497900.2975199926
II - Cagayan Valley,EQ,10,826.386338700065,524.5741594898088,462614.5988100002,91000.91564000002,3497900.2975200014
II - Cagayan Valley,EQ,25,8056.776048047943,5325.30669133785,462614.59880999976,91000.91564000002,3497900.2975200014
II - Cagayan Valley,EQ,30,11187.352530795757,7946.182691480971,462614.59880999994,91000.91563999996,3497900.2975199968
II - Cagayan Valley,EQ,50,26846.85309552975,17315.792970786864,462614.59881,91000.91563999999,3497900.2975200047
II - Cagayan Valley,EQ,100,58215.6858550739,37471.51795822327,462614.59881000005,91000.91563999999,3497900.2975200065
II - Cagayan Valley,EQ,200,99472.28900751719,64728.44360708626,462614.5988100006,91000.91563999998,3497900.2975199977
II - Cagayan Valley,EQ,250,116677.75093379478,75158.6679924629,462614.59881,91000.91563999999,3497900.297520017
II - Cagayan Valley,EQ,500,165467.0498801666,116743.99285335476,462614.5988100002,91000.91563999998,3497900.2975200117
II - Cagayan Valley,EQ,1000,209384.45233902545,134499.69086994499,462614.5988099997,91000.91563999999,3497900.2975200005
II - Cagayan Valley,EQ,2000,318578.5805496218,232855.058308865,462614.5988099998,91000.91564000004,3497900.29752
II - Cagayan Valley,HU,1,9357.119743919342,5681.209271598387,462614.59880999965,91000.91564000002,3497900.297519995
II - Cagayan Valley,HU,10,50764.100220357206,31962.181886915707,462614.5988100001,91000.91564,3497900.297520013
II - Cagayan Valley,HU,25,108653.34947474801,64584.67420904364,462614.59880999994,91000.91564000005,3497900.2975200056
II - Cagayan Valley,HU,30,131632.70332649216,76735.81865213954,462614.5988100005,91000.91563999999,3497900.2975199833
II - Cagayan Valley,HU,50,180028.95697801607,106166.68025194749,462614.59881000017,91000.91563999995,3497900.297519992
II - Cagayan Valley,HU,100,258284.46481617412,160733.6723782122,462614.59880999994,91000.91563999992,3497900.297520026
II - Cagayan Valley,HU,200,346825.6991825,248459.01691599994,462614.5988100003,91000.91564000002,3497900.297520036
II - Cagayan Valley,HU,250,358352.0789459999,279925.7883414999,462614.5988100003,91000.91564000002,3497900.297520036
II - Cagayan Valley,HU,500,466467.0044869999,369872.91983900015,462614.5988100003,91000.91564000002,3497900.297520036
II - Cagayan Valley,HU,1000,530538.558038,518450.1750325002,462614.5988100003,91000.91564000002,3497900.297520036
II - Cagayan Valley,HU,2000,0.003097806694865732,0.001654342357612672,462614.59881000035,91000.91564,3497900.2975199977
II - Cagayan Valley,PF,1,742.7658598337381,492.9486981768533,462614.59881000005,91000.91564,3497900.2975199902
II - Cagayan Valley,PF,10,2575.6673269619932,1551.8898854280785,462614.59881,91000.91564,3497900.2975199884
II - Cagayan Valley,PF,25,9802.038048591661,6232.227390118447,462614.59880999965,91000.91564000002,3497900.2975199986
II - Cagayan Valley,PF,30,14132.24007252244,8468.771881880853,462614.59880999994,91000.91563999999,3497900.297519998
II - Cagayan Valley,PF,50,28118.11064885653,16007.891144048459,462614.59880999994,91000.91563999999,3497900.297519997
II - Cagayan Valley,PF,100,46329.59831956287,28608.127070931474,462614.59881000035,91000.91563999998,3497900.297520013
II - Cagayan Valley,PF,200,70126.24931875557,45132.05487008054,462614.59881000035,91000.91563999998,3497900.2975199916
II - Cagayan Valley,PF,250,81114.1607884091,46331.91566243829,462614.59881000017,91000.91564,3497900.297519989
II - Cagayan Valley,PF,500,101188.76896655516,65599.76694427837,462614.5988100003,91000.91564000002,3497900.2975199968
II - Cagayan Valley,PF,1000,129261.98306517344,80638.55454255098,462614.5988100001,91000.91563999999,3497900.297520005
II - Cagayan Valley,PF,2000,0.002941102746151934,0.001840974750430993,462614.59881000035,91000.91564,3497900.2975199977
II - Cagayan Valley,SS,1,1081.5868552626014,625.9396049844659,462614.5988099999,91000.91564000002,3497900.297519996
II - Cagayan Valley,SS,10,2903.7075472749216,1809.5381167399767,462614.59880999994,91000.91564000002,3497900.297520019
II - Cagayan Valley,SS,25,3935.0649749936033,2332.012408423904,462614.59880999994,91000.91563999998,3497900.2975200117
II - Cagayan Valley,SS,30,3644.0042860364924,2462.9695515610792,462614.5988100001,91000.91564,3497900.2975199977
II - Cagayan Valley,SS,50,4297.937447602212,2437.572634430667,462614.59881000005,91000.91564000002,3497900.2975199893
II - Cagayan Valley,SS,100,4933.999658225816,2997.6548163803723,462614.5988100002,91000.91563999999,3497900.2975200075
II - Cagayan Valley,SS,200,5451.707227926546,3012.292172989309,462614.59881,91000.91564,3497900.2975199935
II - Cagayan Valley,SS,250,5083.949670714846,3120.621710009588,462614.59880999994,91000.91563999999,3497900.297519998
II - Cagayan Valley,SS,500,5475.283669532037,3315.9547654331886,462614.59880999965,91000.91564,3497900.297519999
II - Cagayan Valley,SS,1000,6159.184041878585,4051.471446558346,462614.5988099997,91000.91564,3497900.297520004
II - Cagayan Valley,SS,2000,0.0029669476632970633,0.0018441880626089634,462614.59881000035,91000.91564,3497900.2975199977
III - Central Luzon,EQ,1,876.3037384930886,501.5787635803331,904508.9418500001,337561.9636,11098900.305219976
III - Central Luzon,EQ,10,1157.3539542040796,634.867312058471,904508.9418499996,337561.9636000001,11098900.305219973
III - Central Luzon,EQ,25,19469.783604266493,12474.299403457127,904508.9418499995,337561.9636,11098900.305219987
III - Central Luzon,EQ,30,30474.30033874789,17974.49351436478,904508.9418500003,337561.9636000002,11098900.30522001
III - Central Luzon,EQ,50,84122.00858108765,49505.46448712251,904508.9418500004,337561.9636,11098900.305219969
III - Central Luzon,EQ,100,221429.2096387332,138310.47463684998,904508.9418500002,337561.9636,11098900.305219987
III - Central Luzon,EQ,200,445382.9919106547,273852.549366534,904508.9418500011,337561.96359999996,11098900.30521994
III - Central Luzon,EQ,250,535404.9609236507,305714.6416547587,904508.9418500006,337561.9636000001,11098900.305219999
III - Central Luzon,EQ,500,685409.4184452725,411514.0288771708,904508.9418500002,337561.96360000013,11098900.305219945
III - Central Luzon,EQ,1000,984669.9731370001,684181.8128449995,904508.9418499992,337561.9636000001,11098900.305220043
III - Central Luzon,EQ,2000,1705942.4758174992,3418184.021063002,904508.9418499992,337561.9636000001,11098900.305220043
III - Central Luzon,HU,1,6556.2690740537555,3354.791992870078,904508.9418499994,337561.9635999999,11098900.305220008
III - Central Luzon,HU,10,24742.72077147505,12656.735208273083,904508.9418499995,337561.96359999996,11098900.305220021
III - Central Luzon,HU,25,106682.66718708938,45624.70210045867,904508.94185,337561.9636000001,11098900.305219973
III - Central Luzon,HU,30,125965.75444149094,62419.76957192105,904508.94185,337561.9635999999,11098900.305219974
III - Central Luzon,HU,50,199800.56807571976,103771.40212181439,904508.9418500003,337561.96359999984,11098900.305220002
III - Central Luzon,HU,100,349524.9254565529,171630.5307100867,904508.9418500003,337561.9636,11098900.30522
III - Central Luzon,HU,200,567925.1544413357,278178.5884779941,904508.9418499997,337561.96360000013,11098900.305219883
III - Central Luzon,HU,250,642233.3493926293,308709.8594414326,904508.94185,337561.9636000002,11098900.305219995
III - Central Luzon,HU,500,870364.0543505,492763.5203465,904508.9418499992,337561.9636000001,11098900.305220043
III - Central Luzon,HU,1000,1074388.4029264997,885443.4969774995,904508.9418499992,337561.9636000001,11098900.305220043
III - Central Luzon,HU,2000,0.007210512683531088,0.003644580810013143,904508.9418499995,337561.9636,11098900.305219987
III - Central Luzon,PF,1,4674.266080416948,2040.4654352437346,904508.9418499995,337561.9636,11098900.305220017
III - Central Luzon,PF,10,21421.07966550822,10762.17582943907,904508.9418500002,337561.9635999999,11098900.305219987
III - Central Luzon,PF,25,39415.65719596651,18409.8376339357,904508.94185,337561.96359999996,11098900.305220032
III - Central Luzon,PF,30,43402.55827830985,20146.27918788669,904508.9418500003,337561.9636,11098900.30522001
III - Central Luzon,PF,50,55287.930460410214,27275.51878693094,904508.9418500003,337561.96359999984,11098900.305220025
III - Central Luzon,PF,100,79318.88271873494,37928.210574359226,904508.9418500002,337561.96359999996,11098900.305220021
III - Central Luzon,PF,200,108686.09067248755,50056.42034504668,904508.9418500008,337561.9636,11098900.305219961
III - Central Luzon,PF,250,121500.17955403974,62057.5364794825,904508.9418500003,337561.96359999984,11098900.30522002
III - Central Luzon,PF,500,153197.429416833,74476.96462448641,904508.9418499997,337561.9635999999,11098900.305220002
III - Central Luzon,PF,1000,183586.2859719328,87306.89760318071,904508.9418500001,337561.96360000013,11098900.30522003
III - Central Luzon,PF,2000,0.007319594290247285,0.003364714484028964,904508.9418499995,337561.9636000001,11098900.305219987
III - Central Luzon,SS,1,220.71698916794375,107.53810424153465,904508.94185,337561.9636000001,11098900.305219956
III - Central Luzon,SS,10,1819.091574323385,981.8182105611718,904508.9418500001,337561.9636000001,11098900.305220025
III - Central Luzon,SS,25,3100.033861600374,1584.181843367748,904508.9418500001,337561.9636,11098900.305220006
III - Central Luzon,SS,30,3127.360506506689,1563.0344553364803,904508.9418500001,337561.9636,11098900.305220027
III - Central Luzon,SS,50,4107.832708982718,1919.6729768944292,904508.94185,337561.9636000002,11098900.30521999
III - Central Luzon,SS,100,5395.412532664034,2643.5516489059387,904508.9418499997,337561.9636000001,11098900.305219997
III - Central Luzon,SS,200,7289.7979426565835,3226.474940570556,904508.9418499997,337561.9636,11098900.305220027
III - Central Luzon,SS,250,7690.574002888864,3741.2096152122303,904508.9418499994,337561.96359999996,11098900.305220032
III - Central Luzon,SS,500,8678.224042389958,4647.14799595425,904508.9418500004,337561.9636000001,11098900.30521997
III - Central Luzon,SS,1000,10972.940709754992,5491.485317437548,904508.9418499996,337561.9636,11098900.30522
III - Central Luzon,SS,2000,0.007350697005031486,0.003526669390790836,904508.9418499995,337561.9636,11098900.305219987
IVA - CALABARZON,EQ,1,668.1038590116949,352.60703226571565,957267.2337,330698.8042000001,14127199.834489891
IVA - CALABARZON,EQ,10,941.479729934052,471.9986951202888,957267.2337,330698.8042000001,14127199.834490003
IVA - CALABARZON,EQ,25,15129.3132306525,7894.7419944337,957267.2336999995,330698.80420000013,14127199.834489949
IVA - CALABARZON,EQ,30,21465.06060938393,12401.571351641363,957267.2337000004,330698.80419999996,14127199.834490068
IVA - CALABARZON,EQ,50,75581.96982916865,36782.42607856228,957267.2337000002,330698.8042,14127199.834490068
IVA - CALABARZON,EQ,100,200431.8545104905,111286.69692809047,957267.2336999997,330698.8041999999,14127199.83449007
IVA - CALABARZON,EQ,200,405172.5371720318,221411.4771272673,957267.2337000003,330698.80420000013,14127199.834490063
IVA - CALABARZON,EQ,250,534692.3686424696,286097.22041945485,957267.2337,330698.80420000013,14127199.834489906
IVA - CALABARZON,EQ,500,1075755.1053425,630195.979531,957267.2337,330698.80420000013,14127199.834489973
IVA - CALABARZON,EQ,1000,1237307.1250435,829445.6139185001,957267.2337,330698.80420000013,14127199.834489973
IVA - CALABARZON,EQ,2000,2285192.846928996,4572885.133323004,957267.2337,330698.80420000013,14127199.834489973
IVA - CALABARZON,HU,1,6549.45316912612,3294.728718500708,957267.2336999999,330698.8042000001,14127199.834490072
IVA - CALABARZON,HU,10,19887.83750198416,8982.403283579994,957267.2337000006,330698.8042,14127199.834489983
IVA - CALABARZON,HU,25,88210.99818562913,41905.71676129406,957267.2337000001,330698.8042,14127199.83448993
IVA - CALABARZON,HU,30,119708.7971564012,57649.145881196026,957267.2336999997,330698.80420000013,14127199.834490122
IVA - CALABARZON,HU,50,191681.84911455165,91655.57657097705,957267.2337000002,330698.8042,14127199.834489955
IVA - CALABARZON,HU,100,382131.81496616575,188543.05750530702,957267.2337000007,330698.8042000001,14127199.83449006
IVA - CALABARZON,HU,200,682611.8399804549,338457.05262278864,957267.2336999993,330698.8042000001,14127199.834490046
IVA - CALABARZON,HU,250,745259.4282554999,391856.7057740001,957267.2337,330698.80420000013,14127199.834489973
IVA - CALABARZON,HU,500,1142351.1714990002,745886.4452225001,957267.2337,330698.80420000013,14127199.834489973
IVA - CALABARZON,HU,1000,1633739.9008465018,1291636.5936594987,957267.2337,330698.80420000013,14127199.834489973
IVA - CALABARZON,HU,2000,0.007487291793321841,0.0034845474779090133,957267.2337000004,330698.8042000001,14127199.834489945
IVA - CALABARZON,PF,1,4289.503870552375,1933.5278535525892,957267.2336999999,330698.8042,14127199.834490046
IVA - CALABARZON,PF,10,22865.534149926225,10746.954964387807,957267.2337000008,330698.80420000013,14127199.83449002
IVA - CALABARZON,PF,25,40003.632821091174,19208.72472637855,957267.2336999997,330698.80419999996,14127199.83448999
IVA - CALABARZON,PF,30,44155.5208857606,21151.749611622723,957267.2337000006,330698.80419999996,14127199.834490005
IVA - CALABARZON,PF,50,57663.153916807634,28203.34764290536,957267.2337000002,330698.80419999996,14127199.83449002
IVA - CALABARZON,PF,100,70379.88361354369,39105.995652439575,957267.2337,330698.80419999996,14127199.83449004
IVA - CALABARZON,PF,200,108595.85453975714,52596.01680825903,957267.2337000007,330698.8041999999,14127199.834490066
IVA - CALABARZON,PF,250,119728.4694286459,57684.81851074067,957267.2336999996,330698.8042,14127199.83448996
IVA - CALABARZON,PF,500,148063.5113978612,74459.02921472286,957267.2336999997,330698.80419999996,14127199.834489986
IVA - CALABARZON,PF,1000,179087.02769528786,88197.26203458739,957267.2337000011,330698.8042000001,14127199.834489988
IVA - CALABARZON,PF,2000,0.007692544910650984,0.003487466442364352,957267.2337000006,330698.8042000001,14127199.834489945
IVA - CALABARZON,SS,1,546.0396324368148,250.67170567714317,957267.2336999999,330698.80419999996,14127199.834489934
IVA - CALABARZON,SS,10,4520.222372108034,2160.172245679087,957267.2337000008,330698.8042000001,14127199.834489968
IVA - CALABARZON,SS,25,6594.458214487144,3015.576631829362,957267.2336999995,330698.8042000001,14127199.834489977
IVA - CALABARZON,SS,30,6836.906699335597,3346.7289083945197,957267.2336999999,330698.8041999999,14127199.834490048
IVA - CALABARZON,SS,50,9229.380412878972,4125.146304807745,957267.2337,330698.8042,14127199.834489938
IVA - CALABARZON,SS,100,11207.823666967264,4850.107290941047,957267.2336999996,330698.8042,14127199.83449
IVA - CALABARZON,SS,200,12907.215624716793,6302.097282016993,957267.2336999995,330698.8042,14127199.834490044
IVA - CALABARZON,SS,250,13803.656709347606,6794.457048918895,957267.2336999994,330698.80419999996,14127199.83448997
IVA - CALABARZON,SS,500,14941.611174116006,6997.693058321402,957267.2337000001,330698.8042,14127199.83449002
IVA - CALABARZON,SS,1000,17847.18236380493,8595.312644247299,957267.2336999995,330698.8042000001,14127199.834489975
IVA - CALABARZON,SS,2000,0.007635826512979262,0.003737663779426184,957267.2337000004,330698.8042,14127199.834489945
IVB - MIMAROPA,EQ,1,322.4387317761451,342.55342206897507,479538.3057000002,274683.8326,3089300.0409799963
IVB - MIMAROPA,EQ,10,422.40639299370054,438.10213224217915,479538.30569999997,274683.8326000003,3089300.040979998
IVB - MIMAROPA,EQ,25,3679.1525494707166,4032.1997654715005,479538.3057000003,274683.83259999997,3089300.0409799996
IVB - MIMAROPA,EQ,30,5209.784292590356,5780.117832424276,479538.30569999985,274683.8326,3089300.04098
IVB - MIMAROPA,EQ,50,12335.685578305816,14049.503914575982,479538.3056999998,274683.8326,3089300.040979995
IVB - MIMAROPA,EQ,100,33954.93840241244,34938.500531155994,479538.3057,274683.83259999997,3089300.040980004
IVB - MIMAROPA,EQ,200,68890.70615844776,79393.63445420649,479538.30569999997,274683.83259999985,3089300.04097999
IVB - MIMAROPA,EQ,250,86939.54703048592,95212.09237950011,479538.3056999997,274683.8325999999,3089300.04098
IVB - MIMAROPA,EQ,500,145335.33725970643,150846.97731526132,479538.30569999997,274683.83260000014,3089300.0409800014
IVB - MIMAROPA,EQ,1000,203699.1637745605,206145.86957835488,479538.30569999974,274683.83260000014,3089300.0409800066
IVB - MIMAROPA,EQ,2000,166002.94801295738,183306.72440525363,479538.30569999997,274683.8325999999,3089300.040979997
IVB - MIMAROPA,HU,1,1012.8421188978679,847.4649594133601,479538.3057000001,274683.8326,3089300.040979993
IVB - MIMAROPA,HU,10,4030.773841066264,3323.002400164671,479538.3057000002,274683.8326,3089300.040980001
IVB - MIMAROPA,HU,25,14035.826940638786,11919.572824636318,479538.30569999997,274683.83259999997,3089300.0409799963
IVB - MIMAROPA,HU,30,19445.169136789642,15328.060864099896,479538.3057,274683.8325999999,3089300.040980007
IVB - MIMAROPA,HU,50,29412.59308031883,28471.780050552716,479538.3056999999,274683.83259999997,3089300.0409800047
IVB - MIMAROPA,HU,100,55216.63565204202,49655.51610511785,479538.3056999997,274683.8326,3089300.040979999
IVB - MIMAROPA,HU,200,86785.8761079649,80702.57555285796,479538.30569999997,274683.8326,3089300.040980002
IVB - MIMAROPA,HU,250,99776.50445978357,87574.59571848313,479538.30570000043,274683.8326,3089300.0409800094
IVB - MIMAROPA,HU,500,155951.70564171343,125423.1439524919,479538.3057,274683.8326,3089300.040979989
IVB - MIMAROPA,HU,1000,239447.82463164025,198815.66689026702,479538.3057,274683.83260000014,3089300.040979994
IVB - MIMAROPA,HU,2000,0.0037894552404411,0.0032399483571799595,479538.3057000004,274683.8326,3089300.040979997
IVB - MIMAROPA,PF,1,146.15582320669228,120.38506127091446,479538.3056999998,274683.83259999997,3089300.0409799987
IVB - MIMAROPA,PF,10,452.29587804234217,376.46149948519104,479538.30569999997,274683.83259999997,3089300.040980006
IVB - MIMAROPA,PF,25,1809.306383967186,1579.5628790082924,479538.30569999974,274683.8326,3089300.0409800047
IVB - MIMAROPA,PF,30,2348.9608884401814,2211.016793395995,479538.30569999974,274683.83259999997,3089300.040979995
IVB - MIMAROPA,PF,50,4793.870467725915,4417.704740593974,479538.30569999997,274683.83259999997,3089300.0409799926
IVB - MIMAROPA,PF,100,9368.748690142722,9434.213719479625,479538.3056999999,274683.83259999997,3089300.0409800024
IVB - MIMAROPA,PF,200,16253.132780775162,14038.491285338192,479538.30569999985,274683.8326,3089300.0409799973
IVB - MIMAROPA,PF,250,18542.852570092597,15993.582140433487,479538.3057000003,274683.83260000014,3089300.0409800024
IVB - MIMAROPA,PF,500,25229.51487265249,21285.997507604898,479538.3057,274683.83259999997,3089300.0409799963
IVB - MIMAROPA,PF,1000,32293.032821387296,27870.700029926236,479538.3057000001,274683.83260000014,3089300.040980001
IVB - MIMAROPA,PF,2000,13572.075914525378,11852.46617362451,479538.30569999997,274683.8326,3089300.0409800005
IVB - MIMAROPA,SS,1,29.212327575131262,25.86366773625863,479538.30570000026,274683.83260000014,3089300.0409799907
IVB - MIMAROPA,SS,10,136.75733038296488,115.03164692075848,479538.3057000001,274683.8326,3089300.040979997
IVB - MIMAROPA,SS,25,1110.9348693148686,994.8683753066786,479538.3056999998,274683.8326000001,3089300.0409800056
IVB - MIMAROPA,SS,30,1464.440181975488,1087.2044121185922,479538.30569999997,274683.8325999999,3089300.040979997
IVB - MIMAROPA,SS,50,4453.323978842169,4094.698427914204,479538.30569999985,274683.83259999997,3089300.0409800033
IVB - MIMAROPA,SS,100,5869.642085636273,4626.4419770742825,479538.3056999999,274683.8326,3089300.0409799893
IVB - MIMAROPA,SS,200,6434.556268158311,5546.916812164301,479538.3056999999,274683.83259999997,3089300.040979994
IVB - MIMAROPA,SS,250,6573.460911928522,5774.687778074113,479538.3056999998,274683.83259999997,3089300.040980011
IVB - MIMAROPA,SS,500,7027.885373019456,6224.278314896611,479538.30569999974,274683.83259999985,3089300.0409800084
IVB - MIMAROPA,SS,1000,8335.2981677498,7306.001932420431,479538.3057,274683.83259999997,3089300.040979996
IVB - MIMAROPA,SS,2000,53186.715785780514,42307.41864795271,479538.3056999999,274683.8326000001,3089300.0409799954
IX - Zamboanga Peninsula,EQ,1,144.3070321093527,162.65925493875747,775760.7985300003,498896.4558,3764699.5852399864
IX - Zamboanga Peninsula,EQ,10,182.22063230819012,201.20107440615524,775760.7985300006,498896.4558000002,3764699.58524
IX - Zamboanga Peninsula,EQ,25,2223.8786982882807,2546.705616542858,775760.7985300003,498896.45579999976,3764699.5852400027
IX - Zamboanga Peninsula,EQ,30,3359.2602425373148,3612.6965218816795,775760.79853,498896.45580000035,3764699.5852399934
IX - Zamboanga Peninsula,EQ,50,9600.700414778777,10269.499105504023,775760.7985300003,498896.4558000001,3764699.5852399915
IX - Zamboanga Peninsula,EQ,100,27248.644537586923,30590.080660496915,775760.7985300004,498896.45579999994,3764699.585240009
IX - Zamboanga Peninsula,EQ,200,56047.92929297496,59225.929260306344,775760.7985300006,498896.4558000001,3764699.585240008
IX - Zamboanga Peninsula,EQ,250,63771.76064773976,70850.30675477337,775760.7985299998,498896.45580000017,3764699.585240003
IX - Zamboanga Peninsula,EQ,500,91542.21149193209,96045.07287115318,775760.7985299997,498896.4558,3764699.58524
IX - Zamboanga Peninsula,EQ,1000,102593.42712200602,121250.51161504885,775760.79853,498896.45580000005,3764699.585240002
IX - Zamboanga Peninsula,EQ,2000,258474.37737887824,278149.5220531466,775760.7985299998,498896.45580000017,3764699.585240003
IX - Zamboanga Peninsula,HU,1,0.00724284472816882,0.006933764715183116,775760.7985300003,498896.45580000005,3764699.585239991
IX - Zamboanga Peninsula,HU,10,0.0091674419178367,0.008924366974609294,775760.7985300008,498896.45579999976,3764699.5852399957
IX - Zamboanga Peninsula,HU,25,29.855576183082114,26.30989298449575,775760.7985299993,498896.45579999965,3764699.585239999
IX - Zamboanga Peninsula,HU,30,49.59798499362353,46.75689204848026,775760.7985299994,498896.4557999997,3764699.5852400116
IX - Zamboanga Peninsula,HU,50,186.87609558759158,166.8503353956866,775760.7985300003,498896.4558000001,3764699.5852400074
IX - Zamboanga Peninsula,HU,100,680.0466046989485,596.9126449871469,775760.7985299993,498896.45580000017,3764699.5852400046
IX - Zamboanga Peninsula,HU,200,2102.160336586276,1894.9593178020161,775760.7985299998,498896.4558000002,3764699.5852400013
IX - Zamboanga Peninsula,HU,250,2817.932797685193,2517.9074728937035,775760.79853,498896.45580000005,3764699.5852399953
IX - Zamboanga Peninsula,HU,500,6013.853009606455,5552.0401325052335,775760.7985300003,498896.4558000002,3764699.5852399855
IX - Zamboanga Peninsula,HU,1000,11324.614591017764,11024.527154226991,775760.7985299997,498896.4558000001,3764699.585240002
IX - Zamboanga Peninsula,HU,2000,54277.94968659854,51381.092542990926,775760.7985299992,498896.45579999976,3764699.585239999
IX - Zamboanga Peninsula,PF,1,0.6279676331395599,0.5342557741694616,775760.79853,498896.4557999999,3764699.585240019
IX - Zamboanga Peninsula,PF,10,0.7330541282607618,0.7251417920441289,775760.7985299996,498896.45580000017,3764699.585240008
IX - Zamboanga Peninsula,PF,25,94.34827277088283,86.22558423531729,775760.7985299999,498896.4557999998,3764699.5852399943
IX - Zamboanga Peninsula,PF,30,134.83921218070995,122.65970276011858,775760.79853,498896.45579999994,3764699.58524001
IX - Zamboanga Peninsula,PF,50,421.0267054776219,389.75783004205215,775760.7985299993,498896.4558000001,3764699.5852400013
IX - Zamboanga Peninsula,PF,100,1118.076163084022,1028.598607262794,775760.7985299996,498896.4557999998,3764699.5852400106
IX - Zamboanga Peninsula,PF,200,2913.4632260870285,2852.338742767803,775760.7985300003,498896.4558,3764699.5852400083
IX - Zamboanga Peninsula,PF,250,3698.386284326367,3436.3845480008317,775760.7985300011,498896.45579999965,3764699.5852400064
IX - Zamboanga Peninsula,PF,500,6986.679203457204,5859.960666914226,775760.7985300003,498896.45579999994,3764699.5852399957
IX - Zamboanga Peninsula,PF,1000,9293.252360302557,8524.650540831479,775760.7985300003,498896.45580000005,3764699.585239996
IX - Zamboanga Peninsula,PF,2000,36278.72343265414,32915.14878595983,775760.7985300004,498896.4558000003,3764699.585239991
IX - Zamboanga Peninsula,SS,1,0.0047716900838999975,0.004462013591499999,775760.7985300006,498896.4558,3764699.5852399943
IX - Zamboanga Peninsula,SS,10,0.004962691807499996,0.004453673464599999,775760.7985300006,498896.4558,3764699.5852399943
IX - Zamboanga Peninsula,SS,25,0.004889011270499995,0.0045632416183,775760.7985300006,498896.4558,3764699.5852399943
IX - Zamboanga Peninsula,SS,30,0.004953801917099996,0.0045598337082999995,775760.7985300006,498896.4558,3764699.5852399943
IX - Zamboanga Peninsula,SS,50,0.0048597813887999945,0.004636206737899999,775760.7985300006,498896.4558,3764699.5852399943
IX - Zamboanga Peninsula,SS,100,5.351867525012874,4.7822025015750675,775760.7985300001,498896.4558000003,3764699.5852400027
IX - Zamboanga Peninsula,SS,200,109.07478954192936,99.58492272009502,775760.7985300003,498896.45580000005,3764699.5852399976
IX - Zamboanga Peninsula,SS,250,113.08241839408008,105.86967069948774,775760.7985300003,498896.4558,3764699.5852400055
IX - Zamboanga Peninsula,SS,500,739.1888475270113,692.7984473869865,775760.7985300005,498896.4557999998,3764699.585240001
IX - Zamboanga Peninsula,SS,1000,1966.428024081297,1738.8773012687207,775760.7985300006,498896.4558000001,3764699.585240013
IX - Zamboanga Peninsula,SS,2000,4963.755642160053,4462.423793078613,775760.7985299997,498896.45579999994,3764699.585240002
NCR,EQ,1,132.07141803636873,76.32559500319202,411882.9067899999,82747.37620000001,12651700.151660051
NCR,EQ,10,153.99768932011833,106.03865000238473,411882.90679,82747.3762,12651700.151659997
NCR,EQ,25,5204.90478913203,3457.45068247945,411882.90679,82747.37620000001,12651700.151659979
NCR,EQ,30,9511.912274928964,5579.324273223548,411882.90678999986,82747.37620000001,12651700.151659999
NCR,EQ,50,29816.965157805203,21960.600172610597,411882.9067900002,82747.37620000001,12651700.151660006
NCR,EQ,100,93033.45602114932,59290.24748013797,411882.9067899998,82747.3762,12651700.151659979
NCR,EQ,200,179817.40393711592,124059.61509612009,411882.9067900002,82747.3762,12651700.151659995
NCR,EQ,250,217248.11014243387,135829.59527577035,411882.9067899999,82747.37620000001,12651700.151660005
NCR,EQ,500,343478.0414934209,249048.50097399764,411882.9067900001,82747.37619999997,12651700.151660021
NCR,EQ,1000,548686.4334315,327068.2388649999,411882.9067900001,82747.37620000001,12651700.151659895
NCR,EQ,2000,2039856.1534240004,3389683.8518355014,411882.9067900001,82747.37620000001,12651700.151659895
NCR,HU,1,1297.0693614811996,680.0214576554158,411882.9067899999,82747.3762,12651700.151659997
NCR,HU,10,3446.890881833664,1951.7293424354468,411882.90679000004,82747.3762,12651700.151660006
NCR,HU,25,17245.959418769275,8660.948211337847,411882.90679000004,82747.3762,12651700.15166002
NCR,HU,30,20024.7801296792,11945.89089959405,411882.9067899998,82747.3762,12651700.151660033
NCR,HU,50,37376.007507675306,21099.319969538294,411882.90679000015,82747.3762,12651700.151659941
NCR,HU,100,64990.09040418396,36628.4641516728,411882.90679000004,82747.3762,12651700.151659986
NCR,HU,200,97951.48181410586,57711.97373083005,411882.9067900001,82747.37620000001,12651700.151660006
NCR,HU,250,112932.66161513099,61369.76136628479,411882.9067899998,82747.37620000001,12651700.151659977
NCR,HU,500,210030.97233445736,112203.27677363718,411882.90679,82747.37619999997,12651700.151660025
NCR,HU,1000,305609.404906399,153534.72815398104,411882.90678999986,82747.37620000001,12651700.151660094
NCR,HU,2000,0.0032880115175214653,0.0020254928667776144,411882.9067899999,82747.3762,12651700.151659956
NCR,PF,1,4854.151347621357,2808.4855713977063,411882.90679,82747.37620000001,12651700.151660016
NCR,PF,10,28791.349701576946,16400.58108017308,411882.9067899998,82747.37620000001,12651700.15165992
NCR,PF,25,41121.96865124841,22123.65488716501,411882.9067900001,82747.3762,12651700.151659999
NCR,PF,30,36806.83040947161,27023.337464143668,411882.9067899999,82747.3762,12651700.151659971
NCR,PF,50,49332.84096662199,25649.113030310233,411882.90679000027,82747.3762,12651700.15166002
NCR,PF,100,50399.188768887274,30370.68577304538,411882.90679000015,82747.37620000001,12651700.151659986
NCR,PF,200,59592.653515070495,35569.868000593895,411882.90679,82747.37620000001,12651700.15166007
NCR,PF,250,69247.48480016712,38137.103183828345,411882.9067899999,82747.3762,12651700.151659975
NCR,PF,500,74457.96013906179,45830.59191373452,411882.9067899998,82747.3762,12651700.15166002
NCR,PF,1000,90281.70132471634,50500.060279168174,411882.9067899998,82747.37619999997,12651700.151659952
NCR,PF,2000,0.0035182500001481485,0.001807330727048701,411882.90679,82747.3762,12651700.151659956
NCR,SS,1,0.03274286801846763,0.021612521231043028,411882.9067899999,82747.37619999998,12651700.151659986
NCR,SS,10,0.050229977086670055,0.023800633069194797,411882.90679,82747.37620000003,12651700.15166003
NCR,SS,25,1.0653161314621542,0.5443589300244805,411882.9067900001,82747.3762,12651700.15166001
NCR,SS,30,1.211813578510382,0.7322391807201047,411882.9067899999,82747.3762,12651700.151659932
NCR,SS,50,187.6471830620768,92.66438435639877,411882.90679,82747.37619999998,12651700.151659975
NCR,SS,100,2636.8293637986426,1329.664164715457,411882.9067899998,82747.3762,12651700.151660053
NCR,SS,200,5043.302132925367,2827.1428077963064,411882.90679000004,82747.37619999998,12651700.151660036
NCR,SS,250,5463.44224291967,2903.0437508790583,411882.90679000015,82747.3762,12651700.151659964
NCR,SS,500,6969.338523055368,4112.3667644880015,411882.9067899999,82747.3762,12651700.15165999
NCR,SS,1000,9708.657386600022,5761.536967560975,411882.90679,82747.37619999997,12651700.151659982
NCR,SS,2000,43154.37359343323,24635.595661350635,411882.9067899999,82747.3762,12651700.151660033
V - Bicol,EQ,1,589.2224574476487,798.3846311477553,1457733.715690001,714680.83757,6032099.763810024
V - Bicol,EQ,10,748.6441190451826,983.2018816712258,1457733.7156899988,714680.8375699997,6032099.763810001
V - Bicol,EQ,25,9747.763676671553,12536.33031206908,1457733.715689999,714680.8375700003,6032099.763809982
V - Bicol,EQ,30,14477.127952122633,18893.184784384503,1457733.7156900002,714680.837570001,6032099.763809987
V - Bicol,EQ,50,36206.7366323984,48403.851559703224,1457733.7156899988,714680.8375699996,6032099.763810018
V - Bicol,EQ,100,95658.34306164917,128973.6883628968,1457733.7156900002,714680.83757,6032099.763810006
V - Bicol,EQ,200,209971.566156908,268608.78861656133,1457733.7156899981,714680.8375700001,6032099.763810028
V - Bicol,EQ,250,271497.3794297046,345671.1287072663,1457733.7156900023,714680.8375700006,6032099.763809992
V - Bicol,EQ,500,458660.84315241914,543238.2370158226,1457733.7156899997,714680.8375700003,6032099.763809995
V - Bicol,EQ,1000,588710.565672763,807087.8163458859,1457733.715690002,714680.8375700004,6032099.763809981
V - Bicol,EQ,2000,873589.2849449996,1552196.0686110002,1457733.7156900023,714680.8375700017,6032099.76380998
V - Bicol,HU,1,10699.266596579339,10897.699084527274,1457733.71569,714680.8375700002,6032099.763809981
V - Bicol,HU,10,42780.20698118614,46484.83890302331,1457733.7156900018,714680.83757,6032099.763809991
V - Bicol,HU,25,157354.9863297616,154795.86569714852,1457733.7156900014,714680.8375699995,6032099.763809989
V - Bicol,HU,30,182973.01965502917,200353.14570349985,1457733.7156900002,714680.8375699996,6032099.763810038
V - Bicol,HU,50,298881.9545380341,325886.53380686336,1457733.7156899988,714680.8375699995,6032099.763809977
V - Bicol,HU,100,546085.6607322418,573068.8561780354,1457733.7156900046,714680.8375700003,6032099.763809978
V - Bicol,HU,200,884351.9610259997,1035618.6848755003,1457733.7156900023,714680.8375700017,6032099.76380998
V - Bicol,HU,250,840201.4658325004,1283084.9546319998,1457733.7156900023,714680.8375700017,6032099.76380998
V - Bicol,HU,500,901206.9185229994,1897744.0884545003,1457733.7156900023,714680.8375700017,6032099.76380998
V - Bicol,HU,1000,830216.7221414995,2397207.280728998,1457733.7156900023,714680.8375700017,6032099.76380998
V - Bicol,HU,2000,0.008985246878048695,0.009228876614372874,1457733.71569,714680.8375699997,6032099.76381
V - Bicol,PF,1,1513.954770507174,1575.0595829223787,1457733.7156900004,714680.8375700003,6032099.763809997
V - Bicol,PF,10,6574.787714799712,6940.407645644784,1457733.7156899997,714680.8375699996,6032099.763810019
V - Bicol,PF,25,16087.262683969891,16296.950904432773,1457733.71569,714680.8375699999,6032099.76381
V - Bicol,PF,30,19091.56936410326,19390.664303261805,1457733.715689999,714680.8375699997,6032099.763809995
V - Bicol,PF,50,28258.168327748783,30521.327365201,1457733.7156900014,714680.8375699997,6032099.7638099855
V - Bicol,PF,100,54272.83355683845,54690.86247761379,1457733.7156899997,714680.8375700001,6032099.763810021
V - Bicol,PF,200,82842.20928986135,87801.3338839652,1457733.715690002,714680.8375699999,6032099.763809981
V - Bicol,PF,250,89890.97861467625,93588.09093298305,1457733.715689999,714680.8375699995,6032099.763809999
V - Bicol,PF,500,119989.62885709007,128042.19594427582,1457733.7156899993,714680.8375700003,6032099.7638100125
V - Bicol,PF,1000,153769.67291838,150125.27835078904,1457733.7156900014,714680.8375699999,6032099.76381002
V - Bicol,PF,2000,10239.66268864158,10904.36872345364,1457733.7156899984,714680.83757,6032099.763809995
V - Bicol,SS,1,7620.213077854378,7983.855793743514,1457733.7156899995,714680.8375699995,6032099.76381
V - Bicol,SS,10,30430.934690867423,30226.31278181799,1457733.7156900025,714680.8375700003,6032099.763809985
V - Bicol,SS,25,46704.976955698316,48320.376426764495,1457733.7156900007,714680.8375700003,6032099.763810005
V - Bicol,SS,30,48442.3110738587,49120.44520985109,1457733.7156900002,714680.8375699994,6032099.7638099985
V - Bicol,SS,50,57746.40419356456,60110.34900453584,1457733.7156899993,714680.83757,6032099.763809995
V - Bicol,SS,100,71123.22253182704,75111.8146799007,1457733.71569,714680.8375700001,6032099.763809984
V - Bicol,SS,200,83565.63758750522,87493.36571200732,1457733.715690001,714680.83757,6032099.763810002
V - Bicol,SS,250,87712.34703164682,91352.20455633533,1457733.7156900016,714680.8375700006,6032099.763809983
V - Bicol,SS,500,98225.65558163161,101456.72273648581,1457733.7156899995,714680.8375699999,6032099.763810027
V - Bicol,SS,1000,110930.04649222663,112093.33075407265,1457733.71569,714680.8375699995,6032099.763809999
V - Bicol,SS,2000,0.008931153603499043,0.009253144759829557,1457733.7156900002,714680.8375699997,6032099.763810001
VI - Western Visayas,EQ,1,293.2056892717017,243.10801350520688,1169214.21023,559182.6168399997,7704399.479040003
VI - Western Visayas,EQ,10,364.3065235350578,322.33155180818653,1169214.2102300008,559182.61684,7704399.479040031
VI - Western Visayas,EQ,25,8219.980248746908,6900.163785625143,1169214.2102300003,559182.6168399998,7704399.479039987
VI - Western Visayas,EQ,30,12122.532310401966,10467.386598672812,1169214.210229999,559182.61684,7704399.479040001
VI - Western Visayas,EQ,50,34541.61075886844,29093.43261673149,1169214.2102299999,559182.6168400001,7704399.479039995
VI - Western Visayas,EQ,100,131526.94069380188,118980.77779362215,1169214.21023,559182.6168400003,7704399.479039972
VI - Western Visayas,EQ,200,308921.8878384915,255084.98523236046,1169214.2102300017,559182.6168399998,7704399.479040007
VI - Western Visayas,EQ,250,367462.7657043304,320602.6638556911,1169214.2102299994,559182.6168399999,7704399.479039997
VI - Western Visayas,EQ,500,581174.7706062772,498052.0263939317,1169214.21023,559182.6168399997,7704399.479039942
VI - Western Visayas,EQ,1000,781409.1017775232,659062.9568690595,1169214.2102299996,559182.6168400001,7704399.479040013
VI - Western Visayas,EQ,2000,1054648.7515510006,2734133.170656002,1169214.2102300005,559182.6168399994,7704399.479039981
VI - Western Visayas,HU,1,1156.5987795029057,872.1538066121451,1169214.2102299999,559182.6168399999,7704399.4790400015
VI - Western Visayas,HU,10,3365.6926497140325,2504.7808066641587,1169214.2102299996,559182.6168400001,7704399.479039992
VI - Western Visayas,HU,25,14508.43811837705,10606.54145865831,1169214.21023,559182.61684,7704399.479040005
VI - Western Visayas,HU,30,17220.75729593514,13926.159264426253,1169214.2102299999,559182.61684,7704399.479040001
VI - Western Visayas,HU,50,32096.215748254785,23858.85847132113,1169214.2102299999,559182.6168400003,7704399.479040007
VI - Western Visayas,HU,100,62975.159781823415,47969.26347415911,1169214.2102299982,559182.6168400001,7704399.479039998
VI - Western Visayas,HU,200,94854.59918721131,77541.15471264969,1169214.2102300008,559182.61684,7704399.479039999
VI - Western Visayas,HU,250,120040.47931550967,86890.90127100468,1169214.2102300005,559182.6168400001,7704399.479039993
VI - Western Visayas,HU,500,219456.7378644018,164089.76849965053,1169214.2102299994,559182.6168399999,7704399.479040012
VI - Western Visayas,HU,1000,331460.3584576878,267285.0562229208,1169214.2102299996,559182.6168400003,7704399.479039977
VI - Western Visayas,HU,2000,743.1926034030172,525.7142687001442,1169214.210230001,559182.6168400001,7704399.479039979
VI - Western Visayas,PF,1,982.2924297800996,722.7785555233273,1169214.21023,559182.6168400003,7704399.47903999
VI - Western Visayas,PF,10,5793.067292389557,4551.450025770706,1169214.21023,559182.6168399998,7704399.479040006
VI - Western Visayas,PF,25,13072.66519214027,9459.29731599027,1169214.2102299999,559182.61684,7704399.479040001
VI - Western Visayas,PF,30,14571.679045788827,10651.405780563971,1169214.210229999,559182.6168399999,7704399.479039994
VI - Western Visayas,PF,50,19971.301454802644,15506.056547769975,1169214.2102299994,559182.6168399999,7704399.479040016
VI - Western Visayas,PF,100,31915.717042236003,25445.093316383314,1169214.21023,559182.6168400001,7704399.479040018
VI - Western Visayas,PF,200,50245.38468526802,36434.76835458295,1169214.2102300005,559182.6168399998,7704399.479039995
VI - Western Visayas,PF,250,54345.37566526119,44663.25488158596,1169214.2102300008,559182.6168399999,7704399.479040027
VI - Western Visayas,PF,500,77565.08147623422,56999.5830360251,1169214.21023,559182.6168399999,7704399.479040017
VI - Western Visayas,PF,1000,94362.32886361804,72468.31415322045,1169214.21023,559182.6168400003,7704399.479039951
VI - Western Visayas,PF,2000,13545.848319938403,9619.26296488923,1169214.21023,559182.6168399998,7704399.479040001
VI - Western Visayas,SS,1,623.7614018701541,503.4281528997285,1169214.2102299996,559182.6168399998,7704399.479040003
VI - Western Visayas,SS,10,5942.636561284937,4805.813192317886,1169214.2102300012,559182.6168400001,7704399.479039989
VI - Western Visayas,SS,25,12820.233681273252,9386.398356661415,1169214.21023,559182.6168400003,7704399.479040012
VI - Western Visayas,SS,30,14076.930047390882,10622.447120716657,1169214.2102299994,559182.6168399999,7704399.479040003
VI - Western Visayas,SS,50,19307.5616627779,14841.939726234872,1169214.2102299992,559182.61684,7704399.479040021
VI - Western Visayas,SS,100,28639.52336305762,22781.641504295465,1169214.2102299999,559182.6168400006,7704399.479039979
VI - Western Visayas,SS,200,62119.517840579625,46908.89547947114,1169214.2102299992,559182.6168399998,7704399.479040016
VI - Western Visayas,SS,250,72098.402403619,53445.84152964074,1169214.2102299994,559182.6168400003,7704399.479040001
VI - Western Visayas,SS,500,90160.41396152363,70864.28589421298,1169214.2102299999,559182.6168399994,7704399.479039983
VI - Western Visayas,SS,1000,108588.47081427692,82436.95526532346,1169214.2102300012,559182.6168399998,7704399.479039967
VI - Western Visayas,SS,2000,11932.999732058248,9016.099983126001,1169214.2102300005,559182.6168399998,7704399.479040012
VII - Central Visayas,EQ,1,112.52934270527479,95.41025183482458,1173301.23547,884177.4207799998,7446799.783009996
VII - Central Visayas,EQ,10,131.86095516401875,123.07801715682358,1173301.2354699997,884177.4207800004,7446799.783009984
VII - Central Visayas,EQ,25,2591.4618541229474,2373.4850959110213,1173301.235469999,884177.4207799999,7446799.78301
VII - Central Visayas,EQ,30,4569.676955602664,4019.491964620626,1173301.23547,884177.4207799999,7446799.783009996
VII - Central Visayas,EQ,50,12359.842723394835,11104.214526861851,1173301.2354699995,884177.4207799995,7446799.783010003
VII - Central Visayas,EQ,100,33320.73009432514,30431.427279448853,1173301.2354700011,884177.420780001,7446799.783009992
VII - Central Visayas,EQ,200,93629.55377241275,86991.4521019503,1173301.2354699988,884177.4207799999,7446799.783010034
VII - Central Visayas,EQ,250,120053.03616845081,112233.85071077167,1173301.2354699995,884177.4207799995,7446799.783010012
VII - Central Visayas,EQ,500,200762.2896548461,177293.87373105524,1173301.2354700002,884177.4207800002,7446799.7830099845
VII - Central Visayas,EQ,1000,417330.7145633892,376007.9726428629,1173301.2354700014,884177.4207799999,7446799.783009984
VII - Central Visayas,EQ,2000,979629.6890405003,1215429.3799074988,1173301.2354699993,884177.4207799998,7446799.783009945
VII - Central Visayas,HU,1,1188.5888964249436,1160.7430292580668,1173301.2354699993,884177.4207799998,7446799.783009994
VII - Central Visayas,HU,10,3359.443838576874,3074.3171740070366,1173301.2354699993,884177.42078,7446799.783010013
VII - Central Visayas,HU,25,14112.858193172235,13252.172902371529,1173301.235470001,884177.4207799996,7446799.783010008
VII - Central Visayas,HU,30,18942.05852174874,16864.981327242527,1173301.2354699997,884177.4207799998,7446799.783009992
VII - Central Visayas,HU,50,32443.03345937121,30311.380383041833,1173301.2354700007,884177.4207800002,7446799.783009981
VII - Central Visayas,HU,100,62547.28141979106,56638.88905603735,1173301.2354700002,884177.4207800003,7446799.783010006
VII - Central Visayas,HU,200,106798.66634277179,100969.82214242504,1173301.2354699997,884177.4207799986,7446799.783010006
VII - Central Visayas,HU,250,129321.83882453188,118860.83072654113,1173301.235470001,884177.4207800003,7446799.783009986
VII - Central Visayas,HU,500,178572.79984854802,177041.17554779205,1173301.23547,884177.42078,7446799.783009969
VII - Central Visayas,HU,1000,359878.7767551593,361998.4595628663,1173301.2354699976,884177.4207799999,7446799.783010034
VII - Central Visayas,HU,2000,7692.88418670162,6762.446917214397,1173301.2354700002,884177.4207800002,7446799.783010003
VII - Central Visayas,PF,1,2461.488194461739,2310.4738838205894,1173301.2354700004,884177.4207799996,7446799.783009988
VII - Central Visayas,PF,10,18017.326405282485,16867.22246907737,1173301.2354700002,884177.4207799995,7446799.783009992
VII - Central Visayas,PF,25,34396.0854008779,31020.16180822589,1173301.2354700016,884177.4207799997,7446799.783010003
VII - Central Visayas,PF,30,36913.90421288123,34806.97080592109,1173301.235470001,884177.4207800005,7446799.783010001
VII - Central Visayas,PF,50,45293.67219342658,43733.027143191,1173301.2354699983,884177.4207799995,7446799.783010023
VII - Central Visayas,PF,100,58497.13208953302,57608.81525542694,1173301.2354699995,884177.4207800002,7446799.783010008
VII - Central Visayas,PF,200,78173.74646611631,66711.85754381352,1173301.2354700004,884177.4207800005,7446799.783009988
VII - Central Visayas,PF,250,80085.49657973519,72796.14074085097,1173301.2354699997,884177.4207799997,7446799.78300998
VII - Central Visayas,PF,500,93814.31066760243,82109.12862434667,1173301.2354699997,884177.4207800005,7446799.783010014
VII - Central Visayas,PF,1000,98042.40836689739,91892.5716558672,1173301.2354699997,884177.4207800005,7446799.783009993
VII - Central Visayas,PF,2000,7271.914810343789,6800.891036681001,1173301.2354700004,884177.4207799999,7446799.783009995
VII - Central Visayas,SS,1,652.2378092593381,592.1406329321027,1173301.2354699993,884177.4207799992,7446799.783009983
VII - Central Visayas,SS,10,1485.9728431316755,1268.0100674500661,1173301.2354699997,884177.42078,7446799.783010019
VII - Central Visayas,SS,25,25088.108565439314,22502.1477785303,1173301.235469999,884177.4207800005,7446799.783010001
VII - Central Visayas,SS,30,30468.70292229855,25545.585683598976,1173301.235470001,884177.4207800003,7446799.783010005
VII - Central Visayas,SS,50,36421.683401684524,30321.36088413338,1173301.2354699997,884177.4207800003,7446799.783010031
VII - Central Visayas,SS,100,42378.6129917828,37050.166958321766,1173301.2354700014,884177.4207800005,7446799.783010009
VII - Central Visayas,SS,200,45835.412985511204,42848.78169216396,1173301.2354699993,884177.4207800007,7446799.783009978
VII - Central Visayas,SS,250,49476.605679599124,45966.65575394332,1173301.2354700004,884177.4207799999,7446799.783010013
VII - Central Visayas,SS,500,57412.552674990926,53402.7215646982,1173301.235470001,884177.4207800005,7446799.7830099985
VII - Central Visayas,SS,1000,69019.91297632342,59515.39824004896,1173301.2354699993,884177.4207800003,7446799.783010007
VII - Central Visayas,SS,2000,44402.87841726451,43679.03466494318,1173301.2354700004,884177.4207800005,7446799.783009997
VIII - Eastern Visayas,EQ,1,875.0255442646124,1140.1755541856467,1006160.7691099999,750583.3241200006,4537200.260600005
VIII - Eastern Visayas,EQ,10,1529.3018656006684,1947.8824916715257,1006160.7691100005,750583.3241199995,4537200.260600001
VIII - Eastern Visayas,EQ,25,10994.19118241471,15242.156661671028,1006160.76911,750583.324120001,4537200.260599992
VIII - Eastern Visayas,EQ,30,16682.530737793913,20202.70722822198,1006160.76911,750583.3241200004,4537200.2605999885
VIII - Eastern Visayas,EQ,50,36010.364524772645,46756.20159944305,1006160.7691099995,750583.3241199997,4537200.260600003
VIII - Eastern Visayas,EQ,100,87175.85968952256,108163.47003362735,1006160.769110001,750583.3241200007,4537200.2606
VIII - Eastern Visayas,EQ,200,154126.04511243085,199276.64031031445,1006160.7691099992,750583.3241200004,4537200.260599992
VIII - Eastern Visayas,EQ,250,186229.33451285725,246451.55024525026,1006160.7691099984,750583.3241199999,4537200.260600022
VIII - Eastern Visayas,EQ,500,244550.03282312295,324917.72931902023,1006160.7691100009,750583.3241200001,4537200.260600009
VIII - Eastern Visayas,EQ,1000,312109.0250716683,399508.30865088315,1006160.7691099994,750583.3241199997,4537200.260600004
VIII - Eastern Visayas,EQ,2000,154366.62408247232,199221.29765163432,1006160.7691100002,750583.3241199998,4537200.260600007
VIII - Eastern Visayas,HU,1,3698.654077545075,4523.51569411001,1006160.7691099999,750583.32412,4537200.260600007
VIII - Eastern Visayas,HU,10,19581.78325662662,21569.754423536266,1006160.7691099999,750583.3241199998,4537200.260600016
VIII - Eastern Visayas,HU,25,56845.07955734075,70506.51534307649,1006160.7691100003,750583.32412,4537200.260600006
VIII - Eastern Visayas,HU,30,72812.52500466806,81139.26511136931,1006160.7691099999,750583.3241199995,4537200.2606000025
VIII - Eastern Visayas,HU,50,107973.59855941372,128107.45949331007,1006160.7691100008,750583.3241199998,4537200.260599999
VIII - Eastern Visayas,HU,100,196429.18883872445,213361.82681209582,1006160.7691100003,750583.3241200004,4537200.260600003
VIII - Eastern Visayas,HU,200,289823.072754684,362609.91257797077,1006160.7691100002,750583.3241200002,4537200.260599993
VIII - Eastern Visayas,HU,250,360552.7568884346,421502.696881545,1006160.76911,750583.3241200002,4537200.260599998
VIII - Eastern Visayas,HU,500,479443.92151400005,592227.0923824992,1006160.7691100006,750583.3241199999,4537200.260599994
VIII - Eastern Visayas,HU,1000,565936.9547375002,784342.710187,1006160.7691100006,750583.3241199999,4537200.260599994
VIII - Eastern Visayas,HU,2000,0.004722252779728181,0.005377348241219881,1006160.7691100001,750583.32412,4537200.260599982
VIII - Eastern Visayas,PF,1,223.07113063311846,261.0336354055731,1006160.7691100001,750583.3241200002,4537200.260599984
VIII - Eastern Visayas,PF,10,730.9853929432326,869.2977919669603,1006160.7691100001,750583.3241200002,4537200.260600003
VIII - Eastern Visayas,PF,25,3067.8462245586097,3667.2161574283978,1006160.76911,750583.3241199995,4537200.26059999
VIII - Eastern Visayas,PF,30,4056.1799316975566,4872.526469843379,1006160.7691099999,750583.3241200004,4537200.260600002
VIII - Eastern Visayas,PF,50,7567.605831873235,8675.075007604024,1006160.7691100006,750583.3241200004,4537200.260600001
VIII - Eastern Visayas,PF,100,14233.80094841458,16606.104152786815,1006160.7691099999,750583.3241199994,4537200.260600005
VIII - Eastern Visayas,PF,200,22648.49015650492,28216.927681130906,1006160.7691100009,750583.3241200002,4537200.260600006
VIII - Eastern Visayas,PF,250,26470.191840718846,30515.21426062817,1006160.76911,750583.3241200005,4537200.260599998
VIII - Eastern Visayas,PF,500,30961.938989398826,35950.1625736994,1006160.7691100007,750583.32412,4537200.260599994
VIII - Eastern Visayas,PF,1000,39727.26268217602,48893.27884564682,1006160.7691100001,750583.3241200004,4537200.260600002
VIII - Eastern Visayas,PF,2000,5326.357135340132,6212.717160762555,1006160.7691100002,750583.3241200002,4537200.26059999
VIII - Eastern Visayas,SS,1,1952.950309596949,2394.8164458349534,1006160.7691100001,750583.324119999,4537200.260599995
VIII - Eastern Visayas,SS,10,11144.368736248094,12958.931979433853,1006160.7691100002,750583.3241200002,4537200.260599984
VIII - Eastern Visayas,SS,25,23140.296910303074,27630.92832481992,1006160.7691100002,750583.324120001,4537200.2606
VIII - Eastern Visayas,SS,30,26170.555592251203,30656.881479410073,1006160.7691099992,750583.3241199994,4537200.260600006
VIII - Eastern Visayas,SS,50,32431.79263547753,37349.2825166131,1006160.7691099998,750583.3241200002,4537200.260600005
VIII - Eastern Visayas,SS,100,39598.251321750446,48503.7475080511,1006160.7691099992,750583.3241199994,4537200.260600016
VIII - Eastern Visayas,SS,200,49896.436929451505,58545.52019939861,1006160.7691099994,750583.3241199997,4537200.260600007
VIII - Eastern Visayas,SS,250,49207.54466248199,63870.68152314589,1006160.7691100001,750583.3241200005,4537200.260600001
VIII - Eastern Visayas,SS,500,64216.743770972804,73953.66788435676,1006160.7691099999,750583.32412,4537200.26060001
VIII - Eastern Visayas,SS,1000,73081.12515641235,88853.4625370519,1006160.769109999,750583.3241199999,4537200.260599999
VIII - Eastern Visayas,SS,2000,0.004588581703284773,0.0055094735282000575,1006160.7691100001,750583.3241199999,4537200.260599982
X - Northern Mindanao,EQ,1,82.01495058633394,89.58300913739515,869614.1376,850858.0810700002,4706699.958799977
X - Northern Mindanao,EQ,10,104.66355933262085,121.12749402591953,869614.1376000001,850858.0810700003,4706699.958799991
X - Northern Mindanao,EQ,25,1417.8178238561527,1771.3673166944718,869614.1376000006,850858.0810700005,4706699.958800005
X - Northern Mindanao,EQ,30,2229.1002413736137,2582.2245526559877,869614.1375999997,850858.0810699993,4706699.958800003
X - Northern Mindanao,EQ,50,5642.374305694671,6293.969863138872,869614.1376000004,850858.0810700004,4706699.958799992
X - Northern Mindanao,EQ,100,15604.927539365872,18429.22794915833,869614.1375999994,850858.0810700008,4706699.958800005
X - Northern Mindanao,EQ,200,37271.81536295288,46901.839843134585,869614.1376000004,850858.08107,4706699.958800002
X - Northern Mindanao,EQ,250,47520.86951264935,53762.95305246399,869614.1375999998,850858.0810699996,4706699.958800017
X - Northern Mindanao,EQ,500,74854.81471994802,87457.991756926,869614.1375999997,850858.0810699997,4706699.958800006
X - Northern Mindanao,EQ,1000,121724.76285283454,145456.55168485956,869614.1375999998,850858.0810700003,4706699.958800006
X - Northern Mindanao,EQ,2000,337835.9829157095,427556.70424472116,869614.1375999993,850858.0810700003,4706699.958800006
X - Northern Mindanao,HU,1,24.874866383428,25.22851676670113,869614.137600001,850858.0810700003,4706699.9588000085
X - Northern Mindanao,HU,10,31.200916488801372,32.77977857620238,869614.1376,850858.0810700001,4706699.958799996
X - Northern Mindanao,HU,25,615.8086405145498,656.6380564250043,869614.1375999997,850858.0810700004,4706699.958800001
X - Northern Mindanao,HU,30,914.1191700144551,977.4829304116904,869614.1375999996,850858.0810700005,4706699.958800008
X - Northern Mindanao,HU,50,2449.7190313165024,2516.8333002879617,869614.1376000001,850858.0810700001,4706699.958800004
X - Northern Mindanao,HU,100,7251.103556973044,8097.769746590591,869614.1375999998,850858.0810699998,4706699.958800011
X - Northern Mindanao,HU,200,19813.379636585978,21004.68489877305,869614.1375999997,850858.0810699994,4706699.958799995
X - Northern Mindanao,HU,250,28268.007004308223,29608.289648311606,869614.1375999997,850858.081069999,4706699.958799995
X - Northern Mindanao,HU,500,58655.55697831301,55684.48439193589,869614.1375999992,850858.081069999,4706699.95880001
X - Northern Mindanao,HU,1000,129908.39536349158,131255.46217268117,869614.1376,850858.0810699993,4706699.958800013
X - Northern Mindanao,HU,2000,455527.8541989999,531916.9577165,869614.1375999991,850858.0810700014,4706699.958800056
X - Northern Mindanao,PF,1,93.936273807643,95.73713515075585,869614.1376000004,850858.08107,4706699.958800001
X - Northern Mindanao,PF,10,225.03798024195132,259.00670543137267,869614.1376000006,850858.0810700002,4706699.958799987
X - Northern Mindanao,PF,25,1267.57093242185,1247.1344262885013,869614.1376000006,850858.0810699995,4706699.95880001
X - Northern Mindanao,PF,30,1457.2731891790036,1409.4939777963175,869614.1375999999,850858.0810700005,4706699.958799985
X - Northern Mindanao,PF,50,2239.4814677386016,2038.5097996283719,869614.1376000005,850858.08107,4706699.958800006
X - Northern Mindanao,PF,100,4117.5868538549785,4367.3213681118295,869614.137600001,850858.0810700002,4706699.958800005
X - Northern Mindanao,PF,200,9934.141689269081,10938.972296156186,869614.1375999999,850858.0810699987,4706699.958800001
X - Northern Mindanao,PF,250,14627.600078936282,14385.83764048018,869614.1375999998,850858.0810699995,4706699.958800003
X - Northern Mindanao,PF,500,44881.517508239216,42609.412048585815,869614.1376000001,850858.0810700008,4706699.958799994
X - Northern Mindanao,PF,1000,75021.58659515476,82196.15659178728,869614.1376000004,850858.0810700004,4706699.9588000085
X - Northern Mindanao,PF,2000,44756.39075147268,46079.56649527594,869614.1375999998,850858.0810699998,4706699.958800008
X - Northern Mindanao,SS,1,0.004080389824900002,0.004345446008299999,869614.1376,850858.0810699996,4706699.958799996
X - Northern Mindanao,SS,10,0.0042356548888,0.0042402167153,869614.1376,850858.0810699996,4706699.958799996
X - Northern Mindanao,SS,25,0.0041744431629000016,0.004391434184599997,869614.1376,850858.0810699996,4706699.958799996
X - Northern Mindanao,SS,30,0.004319240056200002,0.004267702801599999,869614.1376,850858.0810699996,4706699.958799996
X - Northern Mindanao,SS,50,0.004157096735600003,0.004207767963099999,869614.1376,850858.0810699996,4706699.958799996
X - Northern Mindanao,SS,100,32.18086491350684,32.08607852173697,869614.1376,850858.0810700005,4706699.958799991
X - Northern Mindanao,SS,200,2010.3004892379538,2070.397273738603,869614.1376000007,850858.0810700001,4706699.958800002
X - Northern Mindanao,SS,250,2462.959668743462,2518.107095510784,869614.1376000006,850858.0810700002,4706699.958800006
X - Northern Mindanao,SS,500,8964.196245062836,9498.097457674045,869614.1376000002,850858.0810700008,4706699.958799999
X - Northern Mindanao,SS,1000,10629.372898549833,11024.98778459724,869614.1376000001,850858.0810699993,4706699.958800003
X - Northern Mindanao,SS,2000,28472.95756403771,30250.914803385276,869614.1375999997,850858.0810699991,4706699.958799998
XI - Davao,EQ,1,904.6212442613777,782.4806100124672,717867.8137499993,374332.4306000003,4963099.684769995
XI - Davao,EQ,10,1362.2453813771297,1263.158353926281,717867.8137500002,374332.4306,4963099.684769997
XI - Davao,EQ,25,9851.127946286026,9135.204220838672,717867.8137500006,374332.43059999985,4963099.684770002
XI - Davao,EQ,30,15000.875245770476,14064.652477113248,717867.8137499995,374332.43060000014,4963099.684770002
XI - Davao,EQ,50,33906.049725787205,34246.623922427774,717867.8137499999,374332.4306,4963099.684769988
XI - Davao,EQ,100,84287.83819053613,76577.00792457353,717867.81375,374332.4306,4963099.6847700095
XI - Davao,EQ,200,141413.52671103828,130642.62214084771,717867.813749999,374332.4306000001,4963099.684770025
XI - Davao,EQ,250,158184.6517998885,142681.93401247033,717867.8137500007,374332.43060000014,4963099.684770015
XI - Davao,EQ,500,225060.26156510913,194102.32456289674,717867.8137499999,374332.43059999985,4963099.684769996
XI - Davao,EQ,1000,283922.7555371208,270784.3493803775,717867.8137500008,374332.43059999996,4963099.6847699825
XI - Davao,EQ,2000,18826.950626737365,18137.86154010327,717867.8137500004,374332.4306000002,4963099.684769988
XI - Davao,HU,1,0.0052219869369,0.004366780891399998,717867.8137499997,374332.43059999973,4963099.684769996
XI - Davao,HU,10,0.0052735972272000015,0.004403631027199998,717867.8137499997,374332.43059999973,4963099.684769996
XI - Davao,HU,25,25.11831886512039,20.3565586143781,717867.8137500001,374332.4306,4963099.684770008
XI - Davao,HU,30,56.33475639766324,44.90691867833496,717867.8137500002,374332.4306,4963099.684770007
XI - Davao,HU,50,327.7321906903234,279.1853017000448,717867.8137499995,374332.4305999999,4963099.68477
XI - Davao,HU,100,1517.0612685397289,1212.4658910000742,717867.8137499999,374332.43060000037,4963099.68477
XI - Davao,HU,200,5083.306347922604,4389.752588781939,717867.8137500007,374332.4306000002,4963099.684769998
XI - Davao,HU,250,7069.233045718066,5761.786233298963,717867.8137499987,374332.4305999999,4963099.684770008
XI - Davao,HU,500,16512.238914905454,13783.533954418928,717867.8137499995,374332.43059999996,4963099.684769997
XI - Davao,HU,1000,35198.431556015355,28060.227396635284,717867.8137500003,374332.4305999998,4963099.684770006
XI - Davao,HU,2000,134470.15927248236,111724.33242585021,717867.8137499996,374332.43059999996,4963099.684770012
XI - Davao,PF,1,0.5068805471487352,0.41267483306114544,717867.8137499996,374332.4305999999,4963099.684770005
XI - Davao,PF,10,0.6356180798185285,0.5122941305004295,717867.81375,374332.43060000014,4963099.684769994
XI - Davao,PF,25,911.5380533361929,722.7128697422103,717867.8137500001,374332.43060000014,4963099.684770007
XI - Davao,PF,30,1305.4490129892397,1073.167709682415,717867.8137500008,374332.43059999996,4963099.684770005
XI - Davao,PF,50,2684.6557654485136,2262.711464594918,717867.8137500001,374332.4306000001,4963099.684769996
XI - Davao,PF,100,5226.905224984299,4430.1623158599605,717867.8137499999,374332.4306000002,4963099.684770012
XI - Davao,PF,200,8630.650303446411,6808.779678128742,717867.8137499995,374332.43059999996,4963099.684769996
XI - Davao,PF,250,9455.952104488397,7979.652477714532,717867.8137500001,374332.4306,4963099.684769991
XI - Davao,PF,500,13948.412817405997,10944.627891574577,717867.8137500003,374332.4306,4963099.684769989
XI - Davao,PF,1000,28683.898586208845,22359.035064997315,717867.81375,374332.43060000014,4963099.684769987
XI - Davao,PF,2000,134706.80711980117,109135.98584297468,717867.8137499992,374332.4306,4963099.684769993
XI - Davao,SS,1,0.005280631025000001,0.004450524116499998,717867.8137499997,374332.43059999973,4963099.684769996
XI - Davao,SS,10,0.0052257750289000015,0.004291118889899998,717867.8137499997,374332.43059999973,4963099.684769996
XI - Davao,SS,25,49.61828261797397,38.92030085367307,717867.8137500002,374332.43060000014,4963099.684770012
XI - Davao,SS,30,52.55150686289185,43.7355447951659,717867.8137500002,374332.43060000014,4963099.68477001
XI - Davao,SS,50,53.33582331628017,45.37799398010681,717867.8137500006,374332.43060000025,4963099.684770011
XI - Davao,SS,100,60.7867225287823,47.52397758358401,717867.8137499996,374332.4306000001,4963099.684769995
XI - Davao,SS,200,68.3834528507381,53.56150936918206,717867.8137499999,374332.43059999985,4963099.68477001
XI - Davao,SS,250,72.6375821288434,57.74938136848112,717867.8137500001,374332.43059999996,4963099.684770024
XI - Davao,SS,500,105.86314044543101,89.67874653688727,717867.8137500002,374332.4305999999,4963099.68476999
XI - Davao,SS,1000,2742.9146887575125,2190.4664415324714,717867.8137499996,374332.43060000014,4963099.684769996
XI - Davao,SS,2000,7770.406613449472,6423.063262511855,717867.8137500008,374332.43060000014,4963099.684770014
XII - SOCCSKSARGEN,EQ,1,3211.193475378343,716.6588754816321,777172.8419199998,939475.9992000004,4599200.272340016
XII - SOCCSKSARGEN,EQ,10,3574.3612407626806,1098.6434417822384,777172.8419200005,939475.9992000005,4599200.27233999
XII - SOCCSKSARGEN,EQ,25,9266.138098808955,7606.928710665805,777172.8419200003,939475.9991999998,4599200.272340007
XII - SOCCSKSARGEN,EQ,30,11993.743973026372,10316.78006074036,777172.8419200004,939475.9992000005,4599200.272340002
XII - SOCCSKSARGEN,EQ,50,24344.474686293146,22838.941426682093,777172.8419199998,939475.9992000002,4599200.272340002
XII - SOCCSKSARGEN,EQ,100,55182.68524492253,57129.3940652985,777172.8419199995,939475.9991999991,4599200.272340003
XII - SOCCSKSARGEN,EQ,200,106157.23179735648,113785.59870145688,777172.84192,939475.9991999991,4599200.272340006
XII - SOCCSKSARGEN,EQ,250,125674.39612499268,132324.49944895259,777172.8419199998,939475.9991999991,4599200.272340005
XII - SOCCSKSARGEN,EQ,500,197919.80817563782,193474.82275225862,777172.8419199996,939475.9992000004,4599200.272339998
XII - SOCCSKSARGEN,EQ,1000,247917.6006314307,262988.19904757314,777172.8419200006,939475.9992000001,4599200.2723399885
XII - SOCCSKSARGEN,EQ,2000,16728.594460998433,15251.248260746097,777172.84192,939475.9992000007,4599200.272340002
XII - SOCCSKSARGEN,HU,1,0.0050278761704999975,0.0051361734031999985,777172.8419199995,939475.9992000009,4599200.272340007
XII - SOCCSKSARGEN,HU,10,0.004882381130299998,0.004957442324599998,777172.8419199995,939475.9992000009,4599200.272340007
XII - SOCCSKSARGEN,HU,25,0.6506136912673417,0.6396509312115741,777172.8419200004,939475.9991999994,4599200.272340004
XII - SOCCSKSARGEN,HU,30,2.097257039744221,2.1544666987786063,777172.84192,939475.9991999995,4599200.272339999
XII - SOCCSKSARGEN,HU,50,2574.0296620764702,18.12501452471638,777172.8419199996,939475.9992000008,4599200.272340002
XII - SOCCSKSARGEN,HU,100,2678.3514768044347,122.59158689943115,777172.8419199997,939475.9991999998,4599200.27234
XII - SOCCSKSARGEN,HU,200,2974.726162248099,412.3752508827249,777172.8419200005,939475.9992000004,4599200.272339996
XII - SOCCSKSARGEN,HU,250,3279.794660046649,725.577894928834,777172.8419200003,939475.9992,4599200.272339999
XII - SOCCSKSARGEN,HU,500,5058.29020545077,2494.9199094138694,777172.8419199999,939475.9992000008,4599200.272340015
XII - SOCCSKSARGEN,HU,1000,7972.562775428715,5294.238582419852,777172.8419199998,939475.9992,4599200.272340005
XII - SOCCSKSARGEN,HU,2000,17845.72978102288,15566.145289754235,777172.8419199998,939475.9991999995,4599200.27234
XII - SOCCSKSARGEN,PF,1,0.0050021519082999975,0.004917325953699997,777172.8419199995,939475.9992000009,4599200.272340007
XII - SOCCSKSARGEN,PF,10,0.005052962046499997,0.004944883588899996,777172.8419199995,939475.9992000009,4599200.272340007
XII - SOCCSKSARGEN,PF,25,2559.7978026339465,3.5335224903872664,777172.8419199996,939475.9991999997,4599200.272339993
XII - SOCCSKSARGEN,PF,30,2564.2612266025812,8.603930596277635,777172.8419199998,939475.9992000009,4599200.272340002
XII - SOCCSKSARGEN,PF,50,2632.025248008406,72.9384440489837,777172.8419199996,939475.9992000003,4599200.272340009
XII - SOCCSKSARGEN,PF,100,2967.047190688319,402.5615478964911,777172.8419199998,939475.9991999996,4599200.27234001
XII - SOCCSKSARGEN,PF,200,3638.1431137582285,1055.8624880495784,777172.8419199996,939475.9992000008,4599200.272340006
XII - SOCCSKSARGEN,PF,250,3848.968595026532,1368.0020984064938,777172.8419199993,939475.9992,4599200.272340005
XII - SOCCSKSARGEN,PF,500,5323.16994824773,2648.655160726787,777172.84192,939475.9991999997,4599200.272339999
XII - SOCCSKSARGEN,PF,1000,9436.128500287126,6706.872302355961,777172.8419200002,939475.9992000005,4599200.27234
XII - SOCCSKSARGEN,PF,2000,32685.186868399498,31243.949192526434,777172.8419199996,939475.9991999998,4599200.272340002
XIII - Caraga,EQ,1,695.7863118475648,850.4997117533744,605381.8390700006,456930.3460000005,2716699.9682100057
XIII - Caraga,EQ,10,1133.3359055955423,1474.0949442370245,605381.8390700002,456930.34600000025,2716699.9682100024
XIII - Caraga,EQ,25,7788.624870061943,9802.71043422211,605381.8390700001,456930.346,2716699.968210004
XIII - Caraga,EQ,30,10467.002116883317,14189.44345558124,605381.8390700007,456930.346,2716699.9682099978
XIII - Caraga,EQ,50,29036.779165963137,36749.35193993185,605381.8390699999,456930.3459999998,2716699.968209991
XIII - Caraga,EQ,100,76931.7046135443,102367.42804206906,605381.8390700005,456930.34599999967,2716699.9682099894
XIII - Caraga,EQ,200,160748.37368391015,211322.42493856695,605381.83907,456930.3459999999,2716699.9682100015
XIII - Caraga,EQ,250,182732.0443839109,227569.7528770421,605381.8390699996,456930.3460000002,2716699.968209998
XIII - Caraga,EQ,500,230673.98612723476,285867.2016399962,605381.8390699993,456930.34600000014,2716699.968209995
XIII - Caraga,EQ,1000,272141.7419497973,350476.74191436236,605381.8390700014,456930.346,2716699.968210027
XIII - Caraga,EQ,2000,263725.4681055294,349688.2138279021,605381.8390699986,456930.3460000001,2716699.9682100033
XIII - Caraga,HU,1,287.15744848711773,362.45912256346446,605381.8390699994,456930.34600000037,2716699.968210007
XIII - Caraga,HU,10,638.4392238509349,792.3258595410924,605381.8390700007,456930.34599999984,2716699.9682099996
XIII - Caraga,HU,25,3596.188746604692,4611.32771256169,605381.8390699996,456930.3460000003,2716699.968209996
XIII - Caraga,HU,30,4799.667582025726,5737.830741555576,605381.8390699999,456930.3459999998,2716699.9682100033
XIII - Caraga,HU,50,9305.757015196981,11924.645104225636,605381.8390699999,456930.3459999998,2716699.968210001
XIII - Caraga,HU,100,19569.257450523142,25179.88592141084,605381.8390700003,456930.34599999984,2716699.968209994
XIII - Caraga,HU,200,36517.83617616199,46679.86515492075,605381.8390700008,456930.3459999999,2716699.9682099978
XIII - Caraga,HU,250,43169.55545192356,54501.109428515774,605381.8390699996,456930.34599999984,2716699.9682100015
XIII - Caraga,HU,500,64333.624805839456,79959.88209099406,605381.8390700006,456930.346,2716699.96820999
XIII - Caraga,HU,1000,85645.36907783215,107199.60323178598,605381.8390699996,456930.34599999996,2716699.968209989
XIII - Caraga,HU,2000,34621.22521353393,46702.39027171444,605381.8390699998,456930.34599999984,2716699.968209994
XIII - Caraga,PF,1,32.487170752148614,41.38125309974938,605381.83907,456930.346,2716699.96821
XIII - Caraga,PF,10,70.38407173757795,83.66479569041432,605381.8390699999,456930.3460000001,2716699.9682100015
XIII - Caraga,PF,25,416.4670589205018,519.8467546558347,605381.8390699998,456930.3459999999,2716699.968210005
XIII - Caraga,PF,30,555.0908411529807,719.37411974483,605381.83907,456930.3459999999,2716699.9682100057
XIII - Caraga,PF,50,1371.7651132454412,1816.1224614595656,605381.8390699999,456930.34599999996,2716699.9682099978
XIII - Caraga,PF,100,3547.74116827579,4362.441378492174,605381.8390699993,456930.346,2716699.9682099954
XIII - Caraga,PF,200,6962.554191409367,8159.626756008032,605381.83907,456930.346,2716699.9682100024
XIII - Caraga,PF,250,7863.766757950723,9669.911812974327,605381.8390700002,456930.346,2716699.9682099996
XIII - Caraga,PF,500,12909.518060745695,16136.921777814627,605381.83907,456930.34599999996,2716699.9682100015
XIII - Caraga,PF,1000,19103.674127615344,22994.577583084767,605381.8390700002,456930.3460000002,2716699.9682099973
XIII - Caraga,PF,2000,22359.405327644723,28094.220773845544,605381.83907,456930.346,2716699.968210002
XIII - Caraga,SS,1,42.0180453372482,52.261936099276774,605381.8390699996,456930.34600000014,2716699.9682099996
XIII - Caraga,SS,10,716.0266472139768,806.7674171657987,605381.8390700001,456930.3459999996,2716699.9682100024
XIII - Caraga,SS,25,1226.5305602126557,1480.4955989314424,605381.8390699998,456930.346,2716699.96821
XIII - Caraga,SS,30,1265.3288079360566,1666.6066170661209,605381.8390699999,456930.34600000037,2716699.9682099964
XIII - Caraga,SS,50,1440.1588048589067,1827.281100694134,605381.8390700008,456930.34599999984,2716699.968209996
XIII - Caraga,SS,100,1868.2596674266763,2300.3794155399737,605381.83907,456930.34600000014,2716699.9682100033
XIII - Caraga,SS,200,2104.3062137980546,2619.8701466587777,605381.8390700005,456930.3460000003,2716699.9682099978
XIII - Caraga,SS,250,2130.329576580451,2648.0243037624236,605381.8390700008,456930.346,2716699.9682099978
XIII - Caraga,SS,500,2358.9494639199024,3041.772097315278,605381.8390700001,456930.34600000025,2716699.968210004
XIII - Caraga,SS,1000,2927.7045335321627,3651.395728560078,605381.8390700002,456930.3459999999,2716699.9682099945
XIII - Caraga,SS,2000,280.4742601262164,320.49830236952954,605381.8390700003,456930.34599999967,2716699.9682099996
