,district,hazard,rp,index,hhid,helped_cat,affected_cat,pov_line,ispoor,pcwgt,pcsoc,c,k,optimal_hh_reco_rate,dk_private,dk_public,dk0,pc_fee,di0_prv,di0_pub,di0,hh_reco_rate,dc0_prv,dc0_pub,dc0,welf_class,c_min,help_received,dc_post_reco,dw,const,integ,t_start_prv_reco,t_pov_inc,t_pov_cons,t_pov_bool,dk_prv_t,sav_f,sav_i,sav_offset_to,scale_fac_soc,di_prv_t,di_pub_t,di_t,dc_t,dc_net,sav_delta
0,Ampara,PF,5.0,0,52101051011,helped,a,43493.30859375,1.0,5.065581348701985,0.0,42252.66402108329,128604.51219922266,1.0350000000000006,11186.667575300948,0.0,11186.667575300948,0.0,3675.349320889494,0.0,3675.349320889494,0.1993905563971129,5905.865192958292,0.0,5905.865192958292,2,36346.798828125,0,0,0.0,0.00972977836352264,0.0007286286065405393,-1,0.019267822736030827,0.019267822736030827,False,11143.772840592597,3465.7289678162447,3521.055335090274,3023.0966044173474,2.202149182892012e-05,3675.349320889494,0.0,3675.349320889494,5905.865192958292,3023.0966044173474,55.32636727402943
1,Ampara,PF,5.0,1,52101051021,helped,a,43493.30859375,0.0,7.09181388818278,0.0,93914.60573751283,285848.0604495976,1.0350000000000006,25393.809805527846,0.0,25393.809805527846,0.0,8343.06740548987,0.0,8343.06740548987,1.0350000000000006,34625.66055421121,0.0,34625.66055421121,1,36346.798828125,0,0,0.0,0.006526245786778746,0.0016161152383725396,-1,0.0,0.0,True,24892.417508061535,7434.890949018822,7826.217144792736,13972.85878645134,2.202149182892012e-05,8343.06740548987,0.0,8343.06740548987,34625.66055421121,13972.85878645134,391.3261957739143
2,Ampara,PF,5.0,2,52101051041,helped,a,43493.30859375,0.0,3.0393488092211913,0.0,189890.06322699296,577968.7392161,0.9050000000000006,66360.67891004175,0.0,66360.67891004175,0.0,21802.62124748319,0.0,21802.62124748319,0.9050000000000006,81859.03566107102,0.0,81859.03566107102,1,36346.798828125,0,0,0.0,0.004589642686662065,0.0022308023658599526,-1,0.0,0.0,True,65213.5530636821,14980.507266817638,15824.171935582746,37363.26616574705,2.202149182892012e-05,21802.62124748319,0.0,21802.62124748319,81859.03566107102,37363.26616574705,843.6646687651074
3,Ampara,PF,5.0,3,52101051051,helped,a,43493.30859375,0.0,4.052465078961589,0.0,185510.6888011759,564639.2291173065,0.8450000000000005,70130.43024445415,0.0,70130.43024445415,0.0,23041.162834027306,0.0,23041.162834027306,0.8450000000000005,82301.3763905911,0.0,82301.3763905911,1,36346.798828125,0,0,0.0,0.004643500821149795,0.0024015149812347206,-1,0.0,0.0,True,68997.85983788011,14634.659897072826,15459.224066764657,38840.13020100937,2.202149182892012e-05,23041.162834027306,0.0,23041.162834027306,82301.3763905911,38840.13020100937,824.564169691831
4,Ampara,PF,5.0,4,52101051061,helped,a,43493.30859375,0.0,6.078697618442383,0.0,119899.00962193316,364936.8389624983,0.7550000000000004,52209.378398545705,0.0,52209.378398545705,0.0,17153.249808265206,0.0,17153.249808265206,0.7550000000000004,56571.330499167234,0.0,56571.330499167234,1,36346.798828125,0,0,0.0,0.005775933677332381,0.0027546017927781567,-1,0.0,0.0,True,51455.37542244176,9451.249379549054,9991.584135161096,28118.467325807273,2.202149182892012e-05,17153.249808265206,0.0,17153.249808265206,56571.330499167234,28118.467325807273,540.334755612042
5,Ampara,PF,5.0,5,52101051081,helped,a,43493.30859375,0.0,7.09181388818278,0.0,111920.58600889788,340652.8961474091,1.1150000000000009,25785.90386459103,0.0,25785.90386459103,0.0,8471.888846191696,0.0,8471.888846191696,1.1150000000000009,37223.17165521072,0.0,37223.17165521072,1,36346.798828125,0,0,0.0,0.005978262876591123,0.001292387800140289,-1,0.0,0.0,True,25237.837548529238,8879.739857218005,9326.71550074149,13628.139529884907,2.202149182892012e-05,8471.888846191696,0.0,8471.888846191696,37223.17165521072,13628.139529884907,446.9756435234845
6,Ampara,PF,5.0,6,52101051091,helped,a,43493.30859375,0.0,6.078697618442383,0.0,93183.89750288204,283624.00243451586,1.1150000000000009,23632.061085099536,0.0,23632.061085099536,0.0,7764.249636961521,0.0,7764.249636961521,1.1150000000000009,34113.997746847526,0.0,34113.997746847526,1,36346.798828125,0,0,0.0,0.006551783832808397,0.001528809212584066,-1,0.0,0.0,True,23129.773605557537,7369.305529438275,7765.324791906837,13196.762065227693,2.202149182892012e-05,7764.249636961521,0.0,7764.249636961521,34113.997746847526,13196.762065227693,396.0192624685627
7,Ampara,PF,5.0,7,52101051101,helped,a,43493.30859375,0.0,5.065581348701985,0.0,107344.88809052588,326725.83586856845,0.7950000000000005,41845.77215748288,0.0,41845.77215748288,0.0,13748.31505860347,0.0,13748.31505860347,0.7950000000000005,47015.70392380238,0.0,47015.70392380238,1,36346.798828125,0,0,0.0,0.006104348389754694,0.002408558840244984,-1,0.0,0.0,True,41209.66635242851,8480.52032272422,8945.407340877156,22529.807905093952,2.202149182892012e-05,13748.31505860347,0.0,13748.31505860347,47015.70392380238,22529.807905093952,464.88701815293626
8,Ampara,PF,5.0,8,52101053011,helped,a,43493.30859375,0.0,1.8010988102314913,22499.999450683594,205349.94354133017,556540.9688016331,0.7550000000000004,78029.51702709802,0.0,78029.51702709802,0.0,25636.8818769492,0.0,25636.8818769492,0.7550000000000004,84549.16723240825,0.0,84549.16723240825,1,36346.798828125,0,0,0.0,0.004413495638762264,0.00222964375165016,-1,0.0,0.0,True,76902.62201575989,16273.3864570416,17112.495295110846,40387.41270561445,2.202149182892012e-05,25636.8818769492,0.0,25636.8818769492,84549.16723240825,40387.41270561445,839.1088380692458
9,Ampara,PF,5.0,9,52101053021,helped,a,43493.30859375,0.0,3.6021976204629826,0.0,173356.15172921692,527644.4419870399,0.7550000000000004,72433.94231546293,0.0,72433.94231546293,0.0,23797.975483447175,0.0,23797.975483447175,0.7550000000000004,78485.60193162173,0.0,78485.60193162173,1,36346.798828125,0,0,0.0,0.004803528445287456,0.0025833181142725656,-1,0.0,0.0,True,71387.85807251546,13688.139583703987,14446.345977434743,38566.575145612784,2.202149182892012e-05,23797.975483447175,0.0,23797.975483447175,78485.60193162173,38566.575145612784,758.2063937307549
10,Ampara,PF,5.0,10,52101053031,helped,a,43493.30859375,0.0,3.6021976204629826,0.0,187466.7401595469,570592.8662809753,0.7150000000000004,82736.21685204603,0.0,82736.21685204603,0.0,27182.759867784185,0.0,27182.759867784185,0.7150000000000004,86339.15491699713,0.0,86339.15491699713,1,36346.798828125,0,0,0.0,0.004619211863019197,0.002700984412905109,-1,0.0,0.0,True,81604.21731416108,14803.651032602857,15622.228346628908,43262.98862279211,2.202149182892012e-05,27182.759867784185,0.0,27182.759867784185,86339.15491699713,43262.98862279211,818.5773140260521
11,Ampara,PF,5.0,11,52101053041,helped,a,43493.30859375,0.0,3.6021976204629826,0.0,98597.30716633184,300100.8075125373,1.2150000000000007,21939.215296755825,0.0,21939.215296755825,0.0,7208.069740072763,0.0,7208.069740072763,1.2150000000000007,33864.21632563111,0.0,33864.21632563111,1,36346.798828125,0,0,0.0,0.006369384529710047,0.001290347509263681,-1,0.0,0.0,True,21431.574610490632,7802.525553291033,8216.442263860987,11988.626722277875,2.202149182892012e-05,7208.069740072763,0.0,7208.069740072763,33864.21632563111,11988.626722277875,413.9167105699535
12,Ampara,PF,5.0,12,52101053051,helped,a,43493.30859375,0.0,4.502747025578729,0.0,102961.1308684206,313382.9858445473,0.6150000000000003,57280.371368223,0.0,57280.371368223,0.0,18819.310808279988,0.0,18819.310808279988,0.6150000000000003,54046.73919973715,0.0,54046.73919973715,1,36346.798828125,0,0,0.0,0.006232945703484369,0.0034474384952308786,-1,0.0,0.0,True,56605.6212151184,8101.346341242558,8580.09423903505,28880.76528132484,2.202149182892012e-05,18819.310808279988,0.0,18819.310808279988,54046.73919973715,28880.76528132484,478.7478977924924
13,Ampara,PF,5.0,13,52101053071,helped,a,43493.30859375,0.0,4.502747025578729,0.0,145297.51332983177,442242.3120165664,0.9050000000000006,50842.97596803275,0.0,50842.97596803275,0.0,16704.321992073037,0.0,16704.321992073037,0.9050000000000006,62717.21524314271,0.0,62717.21524314271,1,36346.798828125,0,0,0.0,0.005246877259162607,0.0022354626458131526,-1,0.0,0.0,True,49964.09267755533,11462.001505892353,12108.126110819314,28639.70081860952,2.202149182892012e-05,16704.321992073037,0.0,16704.321992073037,62717.21524314271,28639.70081860952,646.1246049269613
14,Ampara,PF,5.0,14,52101053081,helped,a,43493.30859375,0.0,6.303845835810221,0.0,115447.63546244109,351388.18314018013,0.7550000000000004,48747.86577292499,0.0,48747.86577292499,0.0,16015.97921430253,0.0,16015.97921430253,0.7550000000000004,52820.61787286092,0.0,52820.61787286092,1,36346.798828125,0,0,0.0,0.00588623334315135,0.002625873341385778,-1,0.0,0.0,True,48043.853639493325,9111.85000655247,9620.636288536758,26032.269867024243,2.202149182892012e-05,16015.97921430253,0.0,16015.97921430253,52820.61787286092,26032.269867024243,508.78628198428817
15,Ampara,PF,5.0,15,52101053091,helped,a,43493.30859375,0.0,3.6021976204629826,0.0,95714.04244082206,291325.009295876,0.6150000000000003,53133.31138219328,0.0,53133.31138219328,0.0,17456.805486588393,0.0,17456.805486588393,0.6150000000000003,50133.791986637276,0.0,50133.791986637276,1,36346.798828125,0,0,0.0,0.006464607566986865,0.0034359709795965623,-1,0.0,0.0,True,52507.4126819279,7531.862568983281,7976.170203401838,26778.36008158093,2.202149182892012e-05,17456.805486588393,0.0,17456.805486588393,50133.791986637276,26778.36008158093,444.30763441855765
16,Ampara,PF,5.0,16,52101053101,helped,a,43493.30859375,0.0,6.303845835810221,0.0,118301.56240584551,360074.68589479,0.7550000000000004,50495.3010745956,0.0,50495.3010745956,0.0,16590.09434788114,0.0,16590.09434788114,0.7550000000000004,54714.04665920084,0.0,54714.04665920084,1,36346.798828125,0,0,0.0,0.005814799647956988,0.0026703245580502284,-1,0.0,0.0,True,49766.05264342541,9333.005528002914,9858.463533820459,27046.730676408362,2.202149182892012e-05,16590.09434788114,0.0,16590.09434788114,54714.04665920084,27046.730676408362,525.4580058175444
17,Ampara,PF,5.0,17,52101054011,helped,a,43493.30859375,0.0,0.9005494051157459,0.0,162408.5476928466,494323.19918575464,1.0350000000000006,46084.096065542566,0.0,46084.096065542566,0.0,15140.804894592702,0.0,15140.804894592702,1.0350000000000006,62837.844322429286,0.0,62837.844322429286,1,36346.798828125,0,0,0.0,0.004962786066982747,0.0017526748273618631,-1,0.0,0.0,True,45174.18097285212,12835.365880860178,13534.04564107055,25953.94677428504,2.202149182892012e-05,15140.804894592702,0.0,15140.804894592702,62837.844322429286,25953.94677428504,698.6797602103718
18,Ampara,PF,5.0,18,52101054021,helped,a,43493.30859375,0.0,6.303845835810221,0.0,135091.45733174606,411178.120360939,1.1150000000000009,32831.5119904075,0.0,32831.5119904075,0.0,10786.704305412708,0.0,10786.704305412708,1.1150000000000009,47393.8401747171,0.0,47393.8401747171,1,36346.798828125,0,0,0.0,0.005441467658575148,0.0014196636835307004,-1,0.0,0.0,True,32133.694844969752,10699.17346753773,11257.621444312172,17904.920740792946,2.202149182892012e-05,10786.704305412708,0.0,10786.704305412708,47393.8401747171,17904.920740792946,558.4479767744416
19,Ampara,PF,5.0,19,52101054031,helped,a,43493.30859375,0.0,1.8010988102314913,0.0,193196.42599684995,588032.3217385879,1.2150000000000007,40450.66151775502,0.0,40450.66151775502,0.0,13289.955238060436,0.0,13289.955238060436,1.2150000000000007,62437.508982132815,0.0,62437.508982132815,1,36346.798828125,0,0,0.0,0.004550199639156125,0.00115422379293158,-1,0.0,0.0,True,39514.69360390759,15319.526450198066,16099.702166404162,21221.215529525118,2.202149182892012e-05,13289.955238060436,0.0,13289.955238060436,62437.508982132815,21221.215529525118,780.1757162060959
20,Ampara,PF,5.0,20,52101054051,helped,a,43493.30859375,0.0,1.8010988102314913,0.0,223170.11200002788,679263.2856685289,0.6450000000000004,116839.59115026769,0.0,116839.59115026769,0.0,38387.331088238745,0.0,38387.331088238745,0.6450000000000004,113748.86738016145,0.0,113748.86738016145,1,36346.798828125,0,0,0.0,0.004233621031506153,0.0032540599789719,-1,0.0,0.0,True,115396.52403670391,17572.179468832623,18597.509333335656,59830.345404843756,2.202149182892012e-05,38387.331088238745,0.0,38387.331088238745,113748.86738016145,59830.345404843756,1025.3298645030352
21,Ampara,PF,5.0,21,52101054061,helped,a,43493.30859375,0.0,6.303845835810221,0.0,106204.43527777874,323254.63751770486,1.2150000000000007,24046.245234216196,0.0,24046.245234216196,0.0,7900.328716895937,0.0,7900.328716895937,1.2150000000000007,37116.51667646864,0.0,37116.51667646864,1,36346.798828125,0,0,0.0,0.00613703596878039,0.0013315905417752888,-1,0.0,0.0,True,23489.8510210374,8399.528571482853,8850.369606481561,13286.781140091984,2.202149182892012e-05,7900.328716895937,0.0,7900.328716895937,37116.51667646864,13286.781140091984,450.8410349987088
22,Ampara,PF,5.0,22,52101054071,helped,a,43493.30859375,0.0,4.502747025578729,0.0,70674.3889680465,215111.76937100297,0.6450000000000004,36212.92538980891,0.0,36212.92538980891,0.0,11897.658515634894,0.0,11897.658515634894,0.619390214483994,34327.59013992151,0.0,34327.59013992151,2,36346.798828125,0,0,0.0,0.007523136893750576,0.003056170624866619,-1,0.0,0.0,True,35783.318073751536,5579.370916019953,5889.532414003876,18026.182940605064,2.202149182892012e-05,11897.658515634894,0.0,11897.658515634894,34327.59013992151,18026.182940605064,310.1614979839221
23,Ampara,PF,5.0,23,52101054081,helped,a,43493.30859375,0.0,2.701648215347238,0.0,153146.89054520603,466133.4760706766,0.9650000000000006,46981.55420237201,0.0,46981.55420237201,0.0,15435.66233372905,0.0,15435.66233372905,0.9650000000000006,60772.86213901807,0.0,60772.86213901807,1,36346.798828125,0,0,0.0,0.005110647227408239,0.0018942598655019174,-1,0.0,0.0,True,46116.076118472854,12106.721221427928,12762.240878767168,26189.8888470183,2.202149182892012e-05,15435.66233372905,0.0,15435.66233372905,60772.86213901807,26189.8888470183,655.5196573392413
24,Ampara,PF,5.0,24,52101054091,helped,a,43493.30859375,0.0,1.8010988102314913,0.0,140822.95956858035,428623.10439718893,0.8450000000000005,51882.358746447244,0.0,51882.358746447244,0.0,17045.80838764846,0.0,17045.80838764846,0.8450000000000005,60886.40152839641,0.0,60886.40152839641,1,36346.798828125,0,0,0.0,0.0053295833920314626,0.002305482047298572,-1,0.0,0.0,True,51044.485316401784,11120.546095169553,11735.24663071503,28490.467596587732,2.202149182892012e-05,17045.80838764846,0.0,17045.80838764846,60886.40152839641,28490.467596587732,614.7005355454766
25,Ampara,PF,5.0,25,52101054101,helped,a,43493.30859375,0.0,6.303845835810221,0.0,78970.67078033325,240363.1777793352,0.7550000000000004,34476.496112266,0.0,34476.496112266,0.0,11327.15938146193,0.0,11327.15938146193,0.7550000000000004,37356.913946222776,0.0,37356.913946222776,1,36346.798828125,0,0,0.0,0.007117001906923673,0.002765730485270239,-1,0.0,0.0,True,33978.58976915947,6224.330079815891,6580.8892316944375,18581.087407261763,2.202149182892012e-05,11327.15938146193,0.0,11327.15938146193,37356.913946222776,18581.087407261763,356.5591518785468
26,Ampara,PF,5.0,26,52102059011,helped,a,43493.30859375,0.0,2.4314791742801813,0.0,83271.65877734953,253454.1029587509,0.7950000000000005,32864.019830380836,0.0,32864.019830380836,0.0,10797.38466815392,0.0,10797.38466815392,0.7950000000000005,36924.2804333067,0.0,36924.2804333067,1,36346.798828125,0,0,0.0,0.006930768417372292,0.0024554907070480497,-1,0.0,0.0,True,32364.447407320913,6575.4961233507165,6939.30489811246,17761.24191778251,2.202149182892012e-05,10797.38466815392,0.0,10797.38466815392,36924.2804333067,17761.24191778251,363.80877476174396
27,Ampara,PF,5.0,27,52102059021,helped,a,43493.30859375,0.0,1.6209861161867876,1249.999969482422,70735.02741562157,211491.7215641069,0.6150000000000003,38635.689308010646,0.0,38635.689308010646,0.0,12693.678563193784,0.0,12693.678563193784,0.561515800879077,34388.228587496575,0.0,34388.228587496575,2,36346.798828125,0,0,0.0,0.007519911552857938,0.0031383069769851664,-1,0.0,0.0,True,38219.93567741319,5590.624086723864,5894.585617968464,18427.267853404144,2.202149182892012e-05,12693.678563193784,0.0,12693.678563193784,34388.228587496575,18427.267853404144,303.9615312446006
28,Ampara,PF,5.0,28,52102059031,helped,a,43493.30859375,0.0,2.4314791742801813,0.0,71505.18081684581,217640.45206898887,0.6150000000000003,40090.21407465583,0.0,40090.21407465583,0.0,13171.531207285094,0.0,13171.531207285094,0.5484343570850456,35158.38198872081,0.0,35158.38198872081,2,36346.798828125,0,0,0.0,0.00747930495358376,0.003210256296083156,-1,0.0,0.0,True,39668.80579193771,5650.3371871708105,5958.765068070484,18965.865866585507,2.202149182892012e-05,13171.531207285094,0.0,13171.531207285094,35158.38198872081,18965.865866585507,308.42788089967354
29,Ampara,PF,5.0,29,52102059041,helped,a,43493.30859375,0.0,4.0524652904669685,0.0,81725.26410679494,248747.33861899434,0.9650000000000006,24467.476560609088,0.0,24467.476560609088,0.0,8038.72312782969,0.0,8038.72312782969,0.9650000000000006,31649.838008817474,0.0,31649.838008817474,1,36346.798828125,0,0,0.0,0.006996032676754663,0.001819965111022708,-1,0.0,0.0,True,24016.74509607924,6466.321781726482,6810.438675566245,13497.74659388556,2.202149182892012e-05,8038.72312782969,0.0,8038.72312782969,31649.838008817474,13497.74659388556,344.11689383976284
30,Ampara,PF,5.0,30,52102059051,helped,a,43493.30859375,0.0,1.6209861161867876,150.0,100858.7011452491,306527.26298855053,0.5350000000000003,62889.32651261673,0.0,62889.32651261673,0.0,20662.121126379458,0.0,20662.121126379458,0.5350000000000003,54307.91081062943,0.0,54307.91081062943,1,36346.798828125,0,0,0.0,0.006297574445849965,0.0037037749306047638,-1,0.0,0.0,True,62244.37528283644,7940.008855922179,8404.891762104091,29901.536590446216,2.202149182892012e-05,20662.121126379458,0.0,20662.121126379458,54307.91081062943,29901.536590446216,464.88290618191206
31,Ampara,PF,5.0,31,52102059061,helped,a,43493.30859375,0.0,3.241972232373575,1249.999969482422,57804.29008980555,172134.41227508624,0.9050000000000006,18243.640760489037,0.0,18243.640760489037,0.0,5993.926266436825,0.0,5993.926266436825,0.8476139822229874,21457.49126168055,0.0,21457.49126168055,2,36346.798828125,0,0,0.0,0.00831859459825265,0.00180710185774137,-1,0.0,0.0,True,17948.11134531021,4589.756517102042,4817.024174150462,9488.031451928322,2.202149182892012e-05,5993.926266436825,0.0,5993.926266436825,21457.49126168055,9488.031451928322,227.26765704841958
32,Ampara,PF,5.0,32,52102059071,helped,a,43493.30859375,0.0,2.4314791742801813,0.0,94081.69105696894,286356.6183477122,0.8450000000000005,33467.68199567536,0.0,33467.68199567536,0.0,10995.716236901035,0.0,10995.716236901035,0.8450000000000005,39275.90752324673,0.0,39275.90752324673,1,36346.798828125,0,0,0.0,0.006520448035778217,0.002180938340234121,-1,0.0,0.0,True,32927.196131367826,7439.4102441357,7840.140921414078,18159.981931962397,2.202149182892012e-05,10995.716236901035,0.0,10995.716236901035,39275.90752324673,18159.981931962397,400.73067727837787
33,Ampara,PF,5.0,33,52102059081,helped,a,43493.30859375,0.0,3.241972232373575,0.0,75890.76029783556,230988.84850577163,0.8450000000000005,28143.11436592452,0.0,28143.11436592452,0.0,9246.343969395493,0.0,9246.343969395493,0.8450000000000005,33027.27560860173,0.0,33027.27560860173,1,36346.798828125,0,0,0.0,0.007259981997559126,0.002329456691382538,-1,0.0,0.0,True,27688.61753240202,5991.44064269808,6324.23002481963,15488.0962476225,2.202149182892012e-05,9246.343969395493,0.0,9246.343969395493,33027.27560860173,15488.0962476225,332.7893821215489
34,Ampara,PF,5.0,34,52102059091,helped,a,43493.30859375,0.0,2.4314791742801813,0.0,133528.55686287096,406421.11729208345,0.7150000000000004,59871.655144750635,0.0,59871.655144750635,0.0,19670.670071812638,0.0,19670.670071812638,0.7150000000000004,62478.90350030937,0.0,62478.90350030937,1,36346.798828125,0,0,0.0,0.0054732201605824605,0.002767739385747631,-1,0.0,0.0,True,59052.48926389506,10537.51809653978,11127.37973857258,31436.68372467181,2.202149182892012e-05,19670.670071812638,0.0,19670.670071812638,62478.90350030937,31436.68372467181,589.8616420327995
35,Ampara,PF,5.0,35,52102059101,helped,a,43493.30859375,0.0,4.862958348560363,0.0,79044.18222716647,240586.924707016,0.9050000000000006,27416.703840534843,0.0,27416.703840534843,0.0,9007.683759533478,0.0,9007.683759533478,0.9050000000000006,33819.80073521753,0.0,33819.80073521753,1,36346.798828125,0,0,0.0,0.007113691715146475,0.0022040345830057276,-1,0.0,0.0,True,26942.772438475207,6237.649034147923,6587.015185597206,15394.53956545673,2.202149182892012e-05,9007.683759533478,0.0,9007.683759533478,33819.80073521753,15394.53956545673,349.3661514492834
36,Ampara,PF,5.0,36,52102060011,helped,a,43493.30859375,0.0,1.8010988102314913,0.0,105491.44572760709,321084.5098955219,1.2150000000000007,21801.329101496805,0.0,21801.329101496805,0.0,7162.767604231684,0.0,7162.767604231684,1.2150000000000007,33651.38246255032,0.0,33651.38246255032,1,36346.798828125,0,0,0.0,0.006157740367626415,0.0011266613620462098,-1,0.0,0.0,True,21296.878895922964,8368.467007556266,8790.953810633924,11333.476994225372,2.202149182892012e-05,7162.767604231684,0.0,7162.767604231684,33651.38246255032,11333.476994225372,422.4868030776572
37,Ampara,PF,5.0,37,52102060021,helped,a,43493.30859375,0.0,2.701648215347238,0.0,76291.96779815528,232210.00452195894,0.6750000000000004,37687.84953252916,0.0,37687.84953252916,0.0,12382.240846326396,0.0,12382.240846326396,0.6750000000000004,37821.53928078359,0.0,37821.53928078359,1,36346.798828125,0,0,0.0,0.007240867280425336,0.0030787219398312796,-1,0.0,0.0,True,37200.86332207778,6010.78531910485,6357.6639831796065,19573.6500955632,2.202149182892012e-05,12382.240846326396,0.0,12382.240846326396,37821.53928078359,19573.6500955632,346.8786640747567
38,Ampara,PF,5.0,38,52102060031,helped,a,43493.30859375,0.0,4.502747025578729,0.0,61854.626670224374,188267.04243358347,0.7150000000000004,28746.87497956807,0.0,28746.87497956807,0.0,9444.70788308093,0.0,9444.70788308093,0.5587779530970011,25507.82784209937,0.0,25507.82784209937,2,36346.798828125,0,0,0.0,0.008041626547917019,0.0024605185619360087,-1,0.0,0.0,True,28439.033781306913,4920.345217772788,5154.552222518698,13215.661587460314,2.202149182892012e-05,9444.70788308093,0.0,9444.70788308093,25507.82784209937,13215.661587460314,234.20700474591033
39,Ampara,PF,5.0,39,52102060041,helped,a,43493.30859375,0.0,4.502747025578729,0.0,60139.95723148843,183048.0998684113,0.8450000000000005,22421.919666968814,0.0,22421.919666968814,0.0,7366.660952988551,0.0,7366.660952988551,0.7326088798085302,23793.158403363424,0.0,23793.158403363424,2,36346.798828125,0,0,0.0,0.008155459553498208,0.002119800007322715,-1,0.0,0.0,True,22107.64019402832,4774.756592773742,5011.663102624036,11330.568441960273,2.202149182892012e-05,7366.660952988551,0.0,7366.660952988551,23793.158403363424,11330.568441960273,236.9065098502933
40,Ampara,PF,5.0,40,52102060051,helped,a,43493.30859375,0.0,4.502747025578729,0.0,73982.6970432079,225181.27282287012,0.7950000000000005,30166.795320415593,0.0,30166.795320415593,0.0,9911.218863703387,0.0,9911.218863703387,0.7950000000000005,33893.8211434338,0.0,33893.8211434338,1,36346.798828125,0,0,0.0,0.007353005924870206,0.00258432160621992,-1,0.0,0.0,True,29708.223937123006,5834.370750348802,6165.224753600658,16464.227376324026,2.202149182892012e-05,9911.218863703387,0.0,9911.218863703387,33893.8211434338,16464.227376324026,330.85400325185606
41,Ampara,PF,5.0,41,52102060061,helped,a,43493.30859375,0.0,6.303845835810221,0.0,48480.07555637554,147558.8962910861,1.0350000000000006,12591.736042300658,0.0,12591.736042300658,0.0,4136.980758601336,0.0,4136.980758601336,0.635043169804899,12133.276728250541,0.0,12133.276728250541,2,36346.798828125,0,0,0.0,0.009083398165646546,0.0011090249637491821,-1,0.0,0.019267822736030827,True,12438.60359614465,3906.5607117439504,4040.0062963646283,5133.521946999309,2.202149182892012e-05,4136.980758601336,0.0,4136.980758601336,12133.276728250541,5133.521946999309,133.44558462067766
42,Ampara,PF,5.0,42,52102060071,helped,a,43493.30859375,0.0,2.701648215347238,0.0,122011.01352844006,371365.1491874735,1.0350000000000006,32221.896836862357,0.0,32221.896836862357,0.0,10586.416898505848,0.0,10586.416898505848,1.0350000000000006,43936.08012465841,0.0,43936.08012465841,1,36346.798828125,0,0,0.0,0.005725724904569222,0.001552900872085174,-1,0.0,0.0,True,31585.686240363364,9667.018361335706,10167.584460703338,17521.506299531593,2.202149182892012e-05,10586.416898505848,0.0,10586.416898505848,43936.08012465841,17521.506299531593,500.56609936763215
43,Ampara,PF,5.0,43,52102060091,helped,a,43493.30859375,0.0,2.701648215347238,0.0,113963.84798217926,346871.9764221571,0.6750000000000004,54264.68952011325,0.0,54264.68952011325,0.0,17828.516708262156,0.0,17828.516708262156,0.6750000000000004,54457.18213433862,0.0,54457.18213433862,1,36346.798828125,0,0,0.0,0.005924428238197458,0.002909539823672865,-1,0.0,0.0,True,53563.504500577656,8992.876704798971,9496.987331848271,27941.24177876189,2.202149182892012e-05,17828.516708262156,0.0,17828.516708262156,54457.18213433862,27941.24177876189,504.1106270492994
44,Ampara,PF,5.0,44,52102060101,helped,a,43493.30859375,0.0,2.701648215347238,8333.332763671875,48268.013840785854,121549.35701522033,0.9650000000000006,12664.272063052369,0.0,12664.272063052369,0.0,4160.995784097788,0.0,4160.995784097788,0.6127647281996784,11921.215012660854,0.0,11921.215012660854,2,36346.798828125,0,0,0.0,0.009103329894581746,0.0011049006274848581,-1,0.0,0.019267822736030827,True,12515.628750460593,3892.1316924268185,4022.3344867321543,5093.591375947137,2.202149182892012e-05,4160.995784097788,0.0,4160.995784097788,11921.215012660854,5093.591375947137,130.20279430533571
45,Ampara,PF,5.0,45,52103067011,helped,a,43493.30859375,0.0,3.6021976204629826,0.0,102753.42851170579,312750.80179445737,0.7950000000000005,39496.49446064695,0.0,39496.49446064695,0.0,12976.466236822915,0.0,12976.466236822915,0.7950000000000005,44376.17933303726,0.0,44376.17933303726,1,36346.798828125,0,0,0.0,0.006239242057664133,0.0023561172776038527,-1,0.0,0.0,True,38896.1004874837,8122.204711350468,8562.785709308815,21171.878946135148,2.202149182892012e-05,12976.466236822915,0.0,12976.466236822915,44376.17933303726,21171.878946135148,440.58099795834767
46,Ampara,PF,5.0,46,52103067021,helped,a,43493.30859375,0.0,2.701648215347238,0.0,102512.07002948405,312016.1785324594,0.9650000000000006,30298.125417528558,0.0,30298.125417528558,0.0,9954.367011262739,0.0,9954.367011262739,0.9650000000000006,39192.05803917781,0.0,39192.05803917781,1,36346.798828125,0,0,0.0,0.0062465826988716685,0.0017818250852820463,-1,0.0,0.0,True,29739.983738793395,8114.7444972184,8542.672502457004,16620.484566664723,2.202149182892012e-05,9954.367011262739,0.0,9954.367011262739,39192.05803917781,16620.484566664723,427.9280052386039
47,Ampara,PF,5.0,47,52103067031,helped,a,43493.30859375,0.0,1.8010988102314913,0.0,117625.39303197702,358016.6279118183,1.1150000000000009,27375.939448890567,0.0,27375.939448890567,0.0,8994.290729112421,0.0,8994.290729112421,1.1150000000000009,39518.46321462543,0.0,39518.46321462543,1,36346.798828125,0,0,0.0,0.00583148888081493,0.001315733384085384,-1,0.0,0.0,True,26794.07773245536,9329.28373150249,9802.116085998085,14556.987820860388,2.202149182892012e-05,8994.290729112421,0.0,8994.290729112421,39518.46321462543,14556.987820860388,472.832354495595
48,Ampara,PF,5.0,48,52103067041,helped,a,43493.30859375,0.0,1.8010988102314913,2499.999938964844,73981.20290810967,217567.49879558414,0.6750000000000004,34905.81917472618,0.0,34905.81917472618,0.0,11468.267364083755,0.0,11468.267364083755,0.6750000000000004,35029.69530702394,0.0,35029.69530702394,1,36346.798828125,0,0,0.0,0.007353080175682087,0.002869028185020115,-1,0.0,0.0,True,34454.78116609878,5840.070941600651,6165.1002423424725,17933.864681887717,2.202149182892012e-05,11468.267364083755,0.0,11468.267364083755,35029.69530702394,17933.864681887717,325.02930074182154
49,Ampara,PF,5.0,49,52103067061,helped,a,43493.30859375,0.0,1.8010988102314913,0.0,173242.29277537798,527297.889277117,0.9650000000000006,52318.987356459635,0.0,52318.987356459635,0.0,17189.261534395497,0.0,17189.261534395497,0.9650000000000006,67677.08433337908,0.0,67677.08433337908,1,36346.798828125,0,0,0.0,0.004805106682568002,0.0018461227364341263,-1,0.0,0.0,True,51355.18490893382,13703.1206570932,14436.857731281498,28970.83643022455,2.202149182892012e-05,17189.261534395497,0.0,17189.261534395497,67677.08433337908,28970.83643022455,733.7370741882963
50,Ampara,PF,5.0,50,52103067071,helped,a,43493.30859375,0.0,3.6021976204629826,0.0,112472.31443681991,342332.19299136556,0.9650000000000006,32530.38979153228,0.0,32530.38979153228,0.0,10687.77142288169,0.0,10687.77142288169,0.9650000000000006,42079.597571710365,0.0,42079.597571710365,1,36346.798828125,0,0,0.0,0.005963581785685652,0.001719394253134986,-1,0.0,0.0,True,31931.126103830637,8909.938756242605,9372.692869734992,17673.870029144106,2.202149182892012e-05,10687.77142288169,0.0,10687.77142288169,42079.597571710365,17673.870029144106,462.7541134923876
51,Ampara,PF,5.0,51,52103067081,helped,a,43493.30859375,0.0,2.701648215347238,0.0,130928.62116746003,398507.6881721863,0.9650000000000006,38493.41298278397,0.0,38493.41298278397,0.0,12646.90653518305,0.0,12646.90653518305,0.9650000000000006,49793.05006356961,0.0,49793.05006356961,1,36346.798828125,0,0,0.0,0.005527295692134975,0.0017664285495137871,-1,0.0,0.0,True,37784.300526274455,10366.095450178662,10910.71843062167,21067.060869887853,2.202149182892012e-05,12646.90653518305,0.0,12646.90653518305,49793.05006356961,21067.060869887853,544.6229804430079
52,Ampara,PF,5.0,52,52103067091,helped,a,43493.30859375,0.0,5.403296430694476,0.0,98520.44416939592,299866.8594655649,0.7150000000000004,46470.55592636398,0.0,46470.55592636398,0.0,15267.775234728408,0.0,15267.775234728408,0.7150000000000004,48494.22272207867,0.0,48494.22272207867,1,36346.798828125,0,0,0.0,0.006371868656419071,0.0029933863250081877,-1,0.0,0.0,True,45834.744309210015,7758.251107313772,8210.037014116328,24714.022691592996,2.202149182892012e-05,15267.775234728408,0.0,15267.775234728408,48494.22272207867,24714.022691592996,451.78590680255513
53,Ampara,PF,5.0,53,52103067101,helped,a,43493.30859375,0.0,3.6021976204629826,0.0,112512.19319555954,342453.57204363693,0.6750000000000004,55796.35852227794,0.0,55796.35852227794,0.0,18331.742408770384,0.0,18331.742408770384,0.6750000000000004,55994.284411308014,0.0,55994.284411308014,1,36346.798828125,0,0,0.0,0.005962524827726458,0.0030971675736219126,-1,0.0,0.0,True,55075.3819335156,8862.963737230373,9376.016099629962,29004.315576785488,2.202149182892012e-05,18331.742408770384,0.0,18331.742408770384,55994.284411308014,29004.315576785488,513.0523623995886
54,Ampara,PF,5.0,54,52103068011,helped,a,43493.30859375,0.0,4.862958348560363,0.0,85913.1255691381,261493.94035406655,0.8450000000000005,31170.192103640435,0.0,31170.192103640435,0.0,10240.882158065553,0.0,10240.882158065553,0.8450000000000005,36579.69448564174,0.0,36579.69448564174,1,36346.798828125,0,0,0.0,0.00682339065026466,0.0022501094783463427,-1,0.0,0.0,True,30666.80952034874,6788.420418433272,7159.427130761508,17028.2729798113,2.202149182892012e-05,10240.882158065553,0.0,10240.882158065553,36579.69448564174,17028.2729798113,371.0067123282363
55,Ampara,PF,5.0,55,52103068021,helped,a,43493.30859375,0.0,4.0524652904669685,0.0,95652.25555999498,291136.9484515914,0.9050000000000006,31129.0463213371,0.0,31129.0463213371,0.0,10227.363822776866,0.0,10227.363822776866,0.9050000000000006,38399.15074358696,0.0,38399.15074358696,1,36346.798828125,0,0,0.0,0.00646669514690269,0.0019892418998444725,-1,0.0,0.0,True,30590.942519594213,7566.365765435908,7971.021296666248,17064.675890767343,2.202149182892012e-05,10227.363822776866,0.0,10227.363822776866,38399.15074358696,17064.675890767343,404.6555312303412
56,Ampara,PF,5.0,56,52103068031,helped,a,43493.30859375,0.0,4.0524652904669685,0.0,81181.01221371742,247090.79811807317,1.2150000000000007,16846.40590427834,0.0,16846.40590427834,0.0,5534.841013459941,0.0,5534.841013459941,1.2150000000000007,26003.224187158135,0.0,26003.224187158135,1,36346.798828125,0,0,0.0,0.007019444823970498,0.0011353041362987695,-1,0.0,0.0,True,16456.605223685427,6439.108375245919,6765.0843511431185,8783.059367181302,2.202149182892012e-05,5534.841013459941,0.0,5534.841013459941,26003.224187158135,8783.059367181302,325.9759758971994
57,Ampara,PF,5.0,57,52103068041,helped,a,43493.30859375,0.0,1.6209861161867876,0.0,71568.52042630437,217833.23895630188,0.9650000000000006,21113.202461354238,0.0,21113.202461354238,0.0,6936.6854611350245,0.0,6936.6854611350245,0.9650000000000006,27310.925836341878,0.0,27310.925836341878,1,36346.798828125,0,0,0.0,0.00747599455178319,0.001776371342423353,-1,0.0,0.0,True,20724.262284268625,5665.659380261092,5964.043368858697,11572.461026778245,2.202149182892012e-05,6936.6854611350245,0.0,6936.6854611350245,27310.925836341878,11572.461026778245,298.3839885976047
58,Ampara,PF,5.0,58,52103068051,helped,a,43493.30859375,0.0,3.241972232373575,0.0,57577.27530452685,175248.0601129486,1.0350000000000006,15248.037248480501,0.0,15248.037248480501,0.0,5009.701322477427,0.0,5009.701322477427,1.0350000000000006,20791.419874654755,0.0,20791.419874654755,1,36346.798828125,0,0,0.0,0.008334977678081336,0.001560256349127629,-1,0.0,0.0,True,14946.969843218481,4561.454672075098,4798.106275377238,8303.259623500666,2.202149182892012e-05,5009.701322477427,0.0,5009.701322477427,20791.419874654755,8303.259623500666,236.65160330213996
59,Ampara,PF,5.0,59,52103068061,helped,a,43493.30859375,0.0,3.241972232373575,0.0,60476.37786207795,184072.0639685005,0.8450000000000005,21665.947283424415,0.0,21665.947283424415,0.0,7118.288274729506,0.0,7118.288274729506,0.7851625657853405,24129.57903395295,0.0,24129.57903395295,2,36346.798828125,0,0,0.0,0.00813274414595051,0.0020917327017924707,-1,0.0,0.0,True,21340.643610505493,4795.322405621526,5039.698155173162,11264.873937450378,2.202149182892012e-05,7118.288274729506,0.0,7118.288274729506,24129.57903395295,11264.873937450378,244.37574955163646
60,Ampara,PF,5.0,60,52103068071,helped,a,43493.30859375,0.0,4.862958348560363,0.0,52360.93327150443,159371.07014880312,0.8450000000000005,19478.98404466449,0.0,19478.98404466449,0.0,6399.767428348644,0.0,6399.767428348644,0.4935764099906571,16014.134443379433,0.0,16014.134443379433,2,36346.798828125,0,0,0.0,0.008740299331567137,0.001651559904634615,-1,0.0,0.0,True,19294.614206616472,4209.327801191008,4363.411105958702,7941.30339452247,2.202149182892012e-05,6399.767428348644,0.0,6399.767428348644,16014.134443379433,7941.30339452247,154.0833047676941
61,Ampara,PF,5.0,61,52103068081,helped,a,43493.30859375,0.0,3.241972232373575,0.0,74836.00638684063,227778.49206183144,1.1150000000000009,17209.372942287853,0.0,17209.372942287853,0.0,5654.092850316069,0.0,5654.092850316069,1.1150000000000009,24842.54368096704,0.0,24842.54368096704,1,36346.798828125,0,0,0.0,0.0073109648177687924,0.0012880825361020975,-1,0.0,0.0,True,16843.59644363407,5937.824595947277,6236.333865570053,9084.959450604143,2.202149182892012e-05,5654.092850316069,0.0,5654.092850316069,24842.54368096704,9084.959450604143,298.50926962277526
62,Ampara,PF,5.0,62,52103068091,helped,a,43493.30859375,0.0,3.241972232373575,0.0,56740.753008174324,172701.9356410689,1.2150000000000007,12167.715461459313,0.0,12167.715461459313,0.0,3997.6699456762026,0.0,3997.6699456762026,1.2150000000000007,18781.444231349276,0.0,18781.444231349276,1,36346.798828125,0,0,0.0,0.008396193679850276,0.0012062327263131012,-1,0.0,0.0,True,11886.172692331731,4495.747287615995,4728.396084014527,6488.83661956798,2.202149182892012e-05,3997.6699456762026,0.0,3997.6699456762026,18781.444231349276,6488.83661956798,232.64879639853226
63,Ampara,PF,5.0,63,52103068101,helped,a,43493.30859375,0.0,2.4314791742801813,0.0,44218.85499038566,134589.01131557365,0.6450000000000004,23138.518633243206,0.0,23138.518633243206,0.0,7602.097601688273,0.0,7602.097601688273,0.011667063257219105,7872.056162260665,0.0,7872.056162260665,2,36346.798828125,0,0,0.0,0.009511001481271127,0.0012073856526546355,-1,0.019267822736030827,0.019267822736030827,True,23133.317704155514,3630.763523706933,3684.9045825321386,5061.25046071953,2.202149182892012e-05,7602.097601688273,0.0,7602.097601688273,7872.056162260665,5061.25046071953,54.14105882520546
64,Ampara,PF,5.0,64,52104072011,helped,a,43493.30859375,0.0,1.6209861161867876,0.0,605070.3868616446,1841653.8637589482,0.7150000000000004,279582.98492418416,0.0,279582.98492418416,0.0,91856.23214925236,0.0,91856.23214925236,0.7150000000000004,291758.06637004414,0.0,291758.06637004414,1,36346.798828125,0,0,0.0,0.0025711478243455113,0.0028993616597759835,-1,0.0,0.0,True,275757.721674589,47689.813300498376,50422.53223847038,147929.44915416982,2.202149182892012e-05,91856.23214925236,0.0,91856.23214925236,291758.06637004414,147929.44915416982,2732.7189379720076
65,Ampara,PF,5.0,65,52104072021,helped,a,43493.30859375,0.0,3.241972232373575,0.0,488820.2543676173,1487823.1189086481,0.6750000000000004,237542.5008325257,0.0,237542.5008325257,0.0,78043.94501225966,0.0,78043.94501225966,0.6750000000000004,238385.13307421457,0.0,238385.13307421457,1,36346.798828125,0,0,0.0,0.002860588572073875,0.0030019177967070226,-1,0.0,0.0,True,234473.0786251978,38539.65100252779,40735.021197301445,122901.92631854706,2.202149182892012e-05,78043.94501225966,0.0,78043.94501225966,238385.13307421457,122901.92631854706,2195.3701947736577
66,Ampara,PF,5.0,66,52104072031,helped,a,43493.30859375,0.0,4.862958348560363,4999.999877929688,388132.9627445792,1166142.5691605092,0.3450000000000001,370145.0109776954,0.0,370145.0109776954,0.0,121610.25053311477,0.0,121610.25053311477,0.3450000000000001,249310.2793204197,0.0,249310.2793204197,1,36346.798828125,0,0,0.0,0.0032102564850938565,0.0052367875793505585,-1,0.0,0.0,True,367692.6693364457,30411.527386298214,32344.413562048267,148166.68740390212,2.202149182892012e-05,121610.25053311477,0.0,121610.25053311477,249310.2793204197,148166.68740390212,1932.8861757500513
67,Ampara,PF,5.0,67,52104072041,helped,a,43493.30859375,0.0,2.4314791742801813,8000.000244140625,288429.644044353,853544.3193535536,0.7150000000000004,127369.91759661802,0.0,127369.91759661802,0.0,41847.217481548876,0.0,41847.217481548876,0.7150000000000004,132916.70856313081,0.0,132916.70856313081,1,36346.798828125,0,0,0.0,0.0037240032272112186,0.0027034404465270763,-1,0.0,0.0,True,125627.23835231984,22775.825947485726,24035.803670362748,66612.49165166181,2.202149182892012e-05,41847.217481548876,0.0,41847.217481548876,132916.70856313081,66612.49165166181,1259.9777228770204
68,Ampara,PF,5.0,68,52104072051,helped,a,43493.30859375,0.0,0.8104930580933938,6000.0,137484.2297309482,400198.86254315026,0.6750000000000004,63588.034987782885,0.0,63588.034987782885,0.0,20891.808728428172,0.0,20891.808728428172,0.6750000000000004,63813.73234518164,0.0,63813.73234518164,1,36346.798828125,0,0,0.0,0.005393908229972148,0.0027828589730001145,-1,0.0,0.0,True,62766.377701075064,10861.865372148452,11457.019144245683,32512.0710650104,2.202149182892012e-05,20891.808728428172,0.0,20891.808728428172,63813.73234518164,32512.0710650104,595.1537720972321
69,Ampara,PF,5.0,69,52104072061,helped,a,43493.30859375,0.0,0.8104930580933938,6999.999755859375,398446.47928267147,1191446.4578244807,1.0350000000000006,111804.43136970855,0.0,111804.43136970855,0.0,36733.197135853894,0.0,36733.197135853894,1.0350000000000006,152450.7836035023,0.0,152450.7836035023,1,36346.798828125,0,0,0.0,0.0031684364354063414,0.0017201376886540666,-1,0.0,0.0,True,109596.89019567134,31502.424919624467,33203.87327355595,62635.56683568196,2.202149182892012e-05,36733.197135853894,0.0,36733.197135853894,152450.7836035023,62635.56683568196,1701.4483539314874
70,Ampara,PF,5.0,70,52104072062,helped,a,43493.30859375,0.0,3.241972232373575,30000.0,317493.8412242044,875045.8779013845,0.9650000000000006,88997.07458135775,0.0,88997.07458135775,0.0,29240.408355318727,0.0,29240.408355318727,0.9650000000000006,115122.585326329,0.0,115122.585326329,1,36346.798828125,0,0,0.0,0.0035494604635498118,0.0016325837058682431,-1,0.0,0.0,True,87357.6009860501,25178.52071198015,26457.820102017035,47663.28660091262,2.202149182892012e-05,29240.408355318727,0.0,29240.408355318727,115122.585326329,47663.28660091262,1279.299390036886
71,Ampara,PF,5.0,71,52104072071,helped,a,43493.30859375,0.0,1.6209861161867876,0.0,335218.1037876554,1020303.9670220191,1.0350000000000006,94520.71355722798,0.0,94520.71355722798,0.0,31054.524329440657,0.0,31054.524329440657,1.0350000000000006,128883.46286117166,0.0,128883.46286117166,1,36346.798828125,0,0,0.0,0.003454349397698688,0.0017342170227505652,-1,0.0,0.0,True,92654.43362162348,26498.770971566333,27934.841982304617,53074.76794694139,2.202149182892012e-05,31054.524329440657,0.0,31054.524329440657,128883.46286117166,53074.76794694139,1436.0710107382838
72,Ampara,PF,5.0,72,52104072081,helped,a,43493.30859375,0.0,4.0524652904669685,0.0,139548.878343871,424745.18099988136,0.9650000000000006,41285.219718412314,0.0,41285.219718412314,0.0,13564.147073598737,0.0,13564.147073598737,0.9650000000000006,53404.38410186665,0.0,53404.38410186665,1,36346.798828125,0,0,0.0,0.00535385765943229,0.001784714362294823,-1,0.0,0.0,True,40524.67755538946,11046.153458335437,11629.073195322584,22657.426785228134,2.202149182892012e-05,13564.147073598737,0.0,13564.147073598737,53404.38410186665,22657.426785228134,582.9197369871465
73,Ampara,PF,5.0,73,52104072091,helped,a,43493.30859375,0.0,4.862958348560363,0.0,98173.79896725177,298811.7748179861,1.0350000000000006,26952.413993863047,0.0,26952.413993863047,0.0,8855.142588431847,0.0,8855.142588431847,1.0350000000000006,36750.891072080114,0.0,36750.891072080114,1,36346.798828125,0,0,0.0,0.00638310806751584,0.0016581099016729358,-1,0.0,0.0,True,26420.247577002494,7767.9467812787725,8181.149913937647,14941.625562412286,2.202149182892012e-05,8855.142588431847,0.0,8855.142588431847,36750.891072080114,14941.625562412286,413.2031326588745
74,Ampara,PF,5.0,74,52104072101,helped,a,43493.30859375,0.0,4.0524652904669685,0.0,318447.18144782574,969258.2794514407,0.6750000000000004,157275.2982899591,0.0,157275.2982899591,0.0,51672.373105906205,0.0,51672.373105906205,0.6750000000000004,157833.19945162864,0.0,157833.19945162864,1,36346.798828125,0,0,0.0,0.0035441434439726772,0.0030776363767595393,-1,0.0,0.0,True,155243.05441131245,25089.621694764923,26537.265120652144,81678.56884571444,2.202149182892012e-05,51672.373105906205,0.0,51672.373105906205,157833.19945162864,81678.56884571444,1447.6434258872205
75,Ampara,PF,5.0,75,52104075011,helped,a,43493.30859375,0.0,3.6021976204629826,0.0,86542.68964664827,263410.1457096851,1.0350000000000006,24892.989908720137,0.0,24892.989908720137,0.0,8178.524385396539,0.0,8178.524385396539,1.0350000000000006,33942.768940921895,0.0,33942.768940921895,1,36346.798828125,0,0,0.0,0.006798526605139847,0.0017930244102678167,-1,0.0,0.0,True,24401.486132929003,6836.204355177367,7211.890803887356,14108.434186595154,2.202149182892012e-05,8178.524385396539,0.0,8178.524385396539,33942.768940921895,14108.434186595154,375.6864487099891
76,Ampara,PF,5.0,76,52104075021,helped,a,43493.30859375,0.0,3.6021976204629826,0.0,91524.962232987,278574.6980628795,0.9050000000000006,30909.203801685995,0.0,30909.203801685995,0.0,10155.135158622556,0.0,10155.135158622556,0.9050000000000006,38127.9645991484,0.0,38127.9645991484,1,36346.798828125,0,0,0.0,0.006610894347261547,0.0021114230230918148,-1,0.0,0.0,True,30374.900247929756,7229.930341824788,7627.08018608225,17185.38560488157,2.202149182892012e-05,10155.135158622556,0.0,10155.135158622556,38127.9645991484,17185.38560488157,397.1498442574619
77,Ampara,PF,5.0,77,52104075031,helped,a,43493.30859375,0.0,3.6021976204629826,0.0,112328.2915320566,341893.83020781755,0.8450000000000005,40608.384782103276,0.0,40608.384782103276,0.0,13341.774789201005,0.0,13341.774789201005,0.8450000000000005,47655.859930078295,0.0,47655.859930078295,1,36346.798828125,0,0,0.0,0.005967403695672581,0.0022373971248267426,-1,0.0,0.0,True,39952.58023759003,8876.824501486106,9360.690961004717,22157.33766390367,2.202149182892012e-05,13341.774789201005,0.0,13341.774789201005,47655.859930078295,22157.33766390367,483.8664595186111
78,Ampara,PF,5.0,78,52104075041,helped,a,43493.30859375,0.0,2.701648215347238,0.0,105059.57623133021,319770.0279051154,0.7550000000000004,44174.98583789866,0.0,44174.98583789866,0.0,14513.57190215389,0.0,14513.57190215389,0.7550000000000004,47865.6862097674,0.0,47865.6862097674,1,36346.798828125,0,0,0.0,0.006170383731441691,0.0026087395109646505,-1,0.0,0.0,True,43537.01481022496,8293.36829721638,8754.964685944184,23562.359742453533,2.202149182892012e-05,14513.57190215389,0.0,14513.57190215389,47865.6862097674,23562.359742453533,461.5963887278036
79,Ampara,PF,5.0,79,52104075051,helped,a,43493.30859375,0.0,7.204395240925965,0.0,53600.81345084749,163144.89576061151,0.7150000000000004,24054.47597746609,0.0,24054.47597746609,0.0,7903.032905288975,0.0,7903.032905288975,0.3887418593609519,17254.014622722494,0.0,17254.014622722494,2,36346.798828125,0,0,0.0,0.008638618704833699,0.001893741478433844,-1,0.0,0.0,True,23874.976004713593,4312.1029361108995,4466.734454237291,9164.181774800792,2.202149182892012e-05,7903.032905288975,0.0,7903.032905288975,17254.014622722494,9164.181774800792,154.6315181263918
80,Ampara,PF,5.0,80,52104075071,helped,a,43493.30859375,0.0,3.6021976204629826,0.0,70295.60521290696,213958.8645497968,0.8450000000000005,26735.513161304632,0.0,26735.513161304632,0.0,8783.880407601153,0.0,8783.880407601153,0.8450000000000005,31375.389028903584,0.0,31375.389028903584,1,36346.798828125,0,0,0.0,0.007543378653956656,0.0024245959218376703,-1,0.0,0.0,True,26303.748363833434,5544.1820040254715,5857.96710107558,14835.90681750051,2.202149182892012e-05,8783.880407601153,0.0,8783.880407601153,31375.389028903584,14835.90681750051,313.78509705010873
81,Ampara,PF,5.0,81,52104075081,helped,a,43493.30859375,0.0,3.6021976204629826,0.0,91499.7670136834,278498.01132694556,0.6450000000000004,48501.82426997609,0.0,48501.82426997609,0.0,15935.142945173511,0.0,15935.142945173511,0.6450000000000004,47218.8195993081,0.0,47218.8195993081,1,36346.798828125,0,0,0.0,0.006611804466892258,0.003316763117278769,-1,0.0,0.0,True,47902.785991402896,7200.610151622177,7624.9805844736175,24901.794109136114,2.202149182892012e-05,15935.142945173511,0.0,15935.142945173511,47218.8195993081,24901.794109136114,424.3704328514402
82,Ampara,PF,5.0,82,52104075091,helped,a,43493.30859375,0.0,3.6021976204629826,0.0,96167.64427858661,292705.63805455674,0.7550000000000004,40579.40401326191,0.0,40579.40401326191,0.0,13332.25323612338,0.0,13332.25323612338,0.7550000000000004,43969.703266136145,0.0,43969.703266136145,1,36346.798828125,0,0,0.0,0.006449343473240739,0.0026231136778994855,-1,0.0,0.0,True,39993.36004313534,7590.359891393173,8013.970356548884,21666.047151951156,2.202149182892012e-05,13332.25323612338,0.0,13332.25323612338,43969.703266136145,21666.047151951156,423.61046515571195
83,Ampara,PF,5.0,83,52104075101,helped,a,43493.30859375,0.0,6.303845835810221,0.0,61103.83843174395,185981.8668733748,0.8450000000000005,22781.373478173442,0.0,22781.373478173442,0.0,7484.758528697243,0.0,7484.758528697243,0.7581755810934783,24757.039603618945,0.0,24757.039603618945,2,36346.798828125,0,0,0.0,0.008090879801493745,0.0021713412580470107,-1,0.0,0.0,True,22450.993265500343,4844.842745785068,5091.986535978663,11750.323954373182,2.202149182892012e-05,7484.758528697243,0.0,7484.758528697243,24757.039603618945,11750.323954373182,247.1437901935954
84,Ampara,PF,5.0,84,52105079011,helped,a,43493.30859375,0.0,0.9005494051157459,3000.0,121001.98601080448,359162.8984386599,0.8450000000000005,44605.94053881351,0.0,44605.94053881351,0.0,14655.22696591623,0.0,14655.22696591623,0.8450000000000005,52347.24672121367,0.0,52347.24672121367,1,36346.798828125,0,0,0.0,0.005749548561385856,0.0023076227089841124,-1,0.0,0.0,True,43885.577523278516,9555.100928558415,10083.498834233707,24499.557863068854,2.202149182892012e-05,14655.22696591623,0.0,14655.22696591623,52347.24672121367,24499.557863068854,528.3979056752926
85,Ampara,PF,5.0,85,52105079021,helped,a,43493.30859375,0.0,1.8010988102314913,1500.0,71679.36767253355,213605.0890193965,0.6150000000000003,39098.88287348146,0.0,39098.88287348146,0.0,12845.865059450907,0.0,12845.865059450907,0.575123945554186,35332.56884440855,0.0,35332.56884440855,2,36346.798828125,0,0,0.0,0.0074702117577714056,0.003185513664248729,-1,0.0,0.0,True,38668.00482328858,5660.340475172559,5973.280639377796,18895.92852523636,2.202149182892012e-05,12845.865059450907,0.0,12845.865059450907,35332.56884440855,18895.92852523636,312.94016420523667
86,Ampara,PF,5.0,86,52105079031,helped,a,43493.30859375,0.0,0.9005494051157459,1000.000030517578,118426.92912961752,357412.5741281012,1.0350000000000006,33301.63153774027,0.0,33301.63153774027,0.0,10941.182830363068,0.0,10941.182830363068,1.0350000000000006,45408.37147192427,0.0,45408.37147192427,1,36346.798828125,0,0,0.0,0.005811721060114054,0.0017263021005097306,-1,0.0,0.0,True,32644.101940017234,9362.487988343404,9868.91076080146,18675.253053337332,2.202149182892012e-05,10941.182830363068,0.0,10941.182830363068,45408.37147192427,18675.253053337332,506.42277245805656
87,Ampara,PF,5.0,87,52105079041,helped,a,43493.30859375,0.0,4.502747025578729,0.0,74376.5569144563,226380.06484676414,1.0350000000000006,21071.50641714076,0.0,21071.50641714076,0.0,6922.986338786726,0.0,6922.986338786726,1.0350000000000006,28731.995480527425,0.0,28731.995480527425,1,36346.798828125,0,0,0.0,0.007333511219318926,0.0017480637673531908,-1,0.0,0.0,True,20655.456557175818,5878.413148939505,6198.046409538026,11858.434658669847,2.202149182892012e-05,6922.986338786726,0.0,6922.986338786726,28731.995480527425,11858.434658669847,319.633260598521
88,Ampara,PF,5.0,88,52105079051,helped,a,43493.30859375,0.0,3.6021976204629826,0.0,101437.96853380528,308746.9338089718,0.9050000000000006,33954.26611637877,0.0,33954.26611637877,0.0,11155.582131328025,0.0,11155.582131328025,0.9050000000000006,41884.19296665084,0.0,41884.19296665084,1,36346.798828125,0,0,0.0,0.0062795673698045045,0.002081488385905413,-1,0.0,0.0,True,33367.32492023652,8015.676232247556,8453.164044483774,18815.51357195607,2.202149182892012e-05,11155.582131328025,0.0,11155.582131328025,41884.19296665084,18815.51357195607,437.48781223621813
89,Ampara,PF,5.0,89,52105079061,helped,a,43493.30859375,0.0,4.502747025578729,0.0,88562.66069045712,269558.3353390057,1.0350000000000006,23677.905522969377,0.0,23677.905522969377,0.0,7779.311702805285,0.0,7779.311702805285,1.0350000000000006,32285.943919078603,0.0,32285.943919078603,1,36346.798828125,0,0,0.0,0.006720547699471256,0.0015855794763036742,-1,0.0,0.0,True,23210.393182746702,7013.930729024531,7380.22172420476,12955.644295916622,2.202149182892012e-05,7779.311702805285,0.0,7779.311702805285,32285.943919078603,12955.644295916622,366.29099518022895
90,Ampara,PF,5.0,90,52105079071,helped,a,43493.30859375,0.0,3.6021976204629826,0.0,102760.33082992432,312771.81039327837,0.6450000000000004,54461.728395803206,0.0,54461.728395803206,0.0,17893.253296980933,0.0,17893.253296980933,0.6450000000000004,53021.06811227402,0.0,53021.06811227402,1,36346.798828125,0,0,0.0,0.006239032512030306,0.0033159139415602362,-1,0.0,0.0,True,53789.080294058745,8086.8249780262695,8563.360902493694,27960.748068381836,2.202149182892012e-05,17893.253296980933,0.0,17893.253296980933,53021.06811227402,27960.748068381836,476.5359244674248
91,Ampara,PF,5.0,91,52105079091,helped,a,43493.30859375,0.0,4.502747025578729,0.0,97794.88630633907,297658.47764603805,0.7950000000000005,39309.200331928056,0.0,39309.200331928056,0.0,12914.931258317481,0.0,12914.931258317481,0.7950000000000005,44165.745522200305,0.0,44165.745522200305,1,36346.798828125,0,0,0.0,0.006395461996676583,0.002526953133340433,-1,0.0,0.0,True,38711.65345361784,7716.69214180629,8149.5738588615895,21362.641320309256,2.202149182892012e-05,12914.931258317481,0.0,12914.931258317481,44165.745522200305,21362.641320309256,432.8817170552997
92,Ampara,PF,5.0,92,52105079101,helped,a,43493.30859375,0.0,4.502747025578729,0.0,204269.3147260458,621734.8937928361,0.7550000000000004,84116.21042499691,0.0,84116.21042499691,0.0,27636.153016998283,0.0,27636.153016998283,0.7550000000000004,91143.891887871,0.0,91143.891887871,1,36346.798828125,0,0,0.0,0.0044251544125620485,0.002525551903641477,-1,0.0,0.0,True,82901.41195498103,16138.369487674343,17022.44289383715,44600.74062124746,2.202149182892012e-05,27636.153016998283,0.0,27636.153016998283,91143.891887871,44600.74062124746,884.0734061628059
93,Ampara,PF,5.0,93,52105080021,helped,a,43493.30859375,0.0,3.0393488092211913,0.0,156100.25071455978,475122.62392035616,0.6450000000000004,80265.5983685854,0.0,80265.5983685854,0.0,26371.04485933854,0.0,26371.04485933854,0.6450000000000004,78142.35580707615,0.0,78142.35580707615,1,36346.798828125,0,0,0.0,0.005062070570393299,0.003165216675000196,-1,0.0,0.0,True,79274.25079353906,12300.913868079531,13008.354226213314,40942.63982368479,2.202149182892012e-05,26371.04485933854,0.0,26371.04485933854,78142.35580707615,40942.63982368479,707.4403581337821
94,Ampara,PF,5.0,94,52105080031,helped,a,43493.30859375,0.0,2.0262325394807945,0.0,257854.53057833834,784832.315113667,0.7950000000000005,103064.80640263918,0.0,103064.80640263918,0.0,33861.662883046425,0.0,33861.662883046425,0.7950000000000005,115798.18397314462,0.0,115798.18397314462,1,36346.798828125,0,0,0.0,0.003938606673433383,0.0025047877572381993,-1,0.0,0.0,True,101498.09802878497,20351.081151390794,21487.87754819486,55916.06853963151,2.202149182892012e-05,33861.662883046425,0.0,33861.662883046425,115798.18397314462,55916.06853963151,1136.7963968040663
95,Ampara,PF,5.0,95,52105080041,helped,a,43493.30859375,0.0,7.09181388818278,0.0,117991.63777099803,359131.36770630383,0.7150000000000004,53451.62676830049,0.0,53451.62676830049,0.0,17561.387144198463,0.0,17561.387144198463,0.7150000000000004,55779.30028353333,0.0,55779.30028353333,1,36346.798828125,0,0,0.0,0.005822431408274671,0.002811995088542282,-1,0.0,0.0,True,52720.29991890977,9307.458392312783,9832.636480916502,28140.094256422308,2.202149182892012e-05,17561.387144198463,0.0,17561.387144198463,55779.30028353333,28140.094256422308,525.1780886037188
96,Ampara,PF,5.0,96,52105080051,helped,a,43493.30859375,0.0,2.0262325394807945,49.999998092651346,57668.25934297946,175372.80387587321,1.0350000000000006,15678.889823137624,0.0,15678.889823137624,0.0,5151.257869533569,0.0,5151.257869533569,1.0313359445550938,21321.460514854458,0.0,21321.460514854458,2,36346.798828125,0,0,0.0,0.00832839997581249,0.0016269737596733113,-1,0.0,0.0,True,15370.400464547618,4565.226407873074,4805.6882785816215,8631.039971629269,2.202149182892012e-05,5151.257869533569,0.0,5151.257869533569,21321.460514854458,8631.039971629269,240.46187070854717
97,Ampara,PF,5.0,97,52105080061,helped,a,43493.30859375,0.0,4.052465078961589,0.0,43978.161544766444,133856.4122267218,0.6750000000000004,21673.788807980134,0.0,21673.788807980134,0.0,7120.864586375186,0.0,7120.864586375186,0.023553709726944216,7631.362716641443,0.0,7631.362716641443,2,36346.798828125,0,0,0.0,0.009536992927029751,0.0011591147074019377,-1,0.019267822736030827,0.019267822736030827,True,21663.95485213359,3611.2782523951955,3664.8467953972036,4849.423931042052,2.202149182892012e-05,7120.864586375186,0.0,7120.864586375186,7631.362716641443,4849.423931042052,53.56854300200804
98,Ampara,PF,5.0,98,52105080071,helped,a,43493.30859375,0.0,9.118046427663575,0.0,49828.32154581401,151662.55512097134,0.9650000000000006,14661.383505939759,0.0,14661.383505939759,0.0,4816.957824940683,0.0,4816.957824940683,0.5909786678206771,13481.522717689011,0.0,13481.522717689011,2,36346.798828125,0,0,0.0,0.008959666954076136,0.0012916135589352165,-1,0.0,0.0,True,14495.38311178145,4010.9160076926,4152.360128817834,6064.107153246918,2.202149182892012e-05,4816.957824940683,0.0,4816.957824940683,13481.522717689011,6064.107153246918,141.444121125234
99,Ampara,PF,5.0,99,52105080081,helped,a,43493.30859375,0.0,7.09181388818278,0.0,58331.51470211651,177543.7399725677,0.7950000000000005,22620.65405074509,0.0,22620.65405074509,0.0,7431.9545962950015,0.0,7431.9545962950015,0.6433395446944278,21984.71587399151,0.0,21984.71587399151,2,36346.798828125,0,0,0.0,0.008280915798245584,0.0020615496706973815,-1,0.0,0.0,True,22341.98475215458,4646.737993746017,4860.9595585097095,10730.91938515652,2.202149182892012e-05,7431.9545962950015,0.0,7431.9545962950015,21984.71587399151,10730.91938515652,214.22156476369227
