,district,hazard,rp,index,hhid,helped_cat,affected_cat,pov_line,ispoor,pcwgt,pcsoc,c,k,dk_private,dk_public,dk0,pc_fee,di0_prv,di0_pub,di0,dc0_prv,dc0_pub,dc0,hh_reco_rate,welf_class,c_min,help_received,dc_post_reco,dw,const,integ,t_start_prv_reco,t_pov_inc,t_pov_cons,t_pov_bool,dk_prv_t,sav_f,sav_i,sav_offset_to,di_prv_t,di_pub_t,di_t,dc_t,dc_net,sav_delta,scale_fac_soc
0,Ampara,PF,5.0,0,52101051011,helped,a,43493.30859375,1.0,5.065581348701985,0.0,42252.66402108329,128604.51219922266,8610.108335066852,0.0,8610.108335066852,0.0,2828.8277638590325,0.0,2828.8277638590325,5905.865192958295,0.0,5905.865192958295,2.209812927683536,2,36346.798828125,0.0,0,0.0,0.00972977836352264,0.0,-1,2.90944123314066,2.90944123314066,False,123.2582031014962,6945.155655506129,3521.055335090274,0.0,42.25763968390882,0.0,42.25763968390882,326.48301966668987,0.0,6.158575771860716,2.4721058646348314e-06
1,Ampara,PF,5.0,1,52101051021,helped,a,43493.30859375,0.0,7.09181388818278,0.0,93914.60573751283,285848.0604495976,37233.094412897175,0.0,37233.094412897175,0.0,12232.832283958753,0.0,12232.832283958753,51380.612460146,0.0,51380.612460146,1.0514242985570077,1,36346.798828125,0.0,0,0.0,0.006526245786778746,0.22483459264867303,-1,0.0,0.0,True,1747.4206612300738,0.47703620160518057,7826.217144792736,0.0,585.8596384625481,0.0,585.8596384625481,2460.7405988357073,2435.4757374944525,0.00976266816851279,2.4721058646348314e-06
2,Ampara,PF,5.0,2,52101051041,helped,a,43493.30859375,0.0,3.0393488092211913,0.0,189890.06322699296,577968.7392161,58877.982920567185,0.0,58877.982920567185,0.0,19344.20175497422,0.0,19344.20175497422,101082.04377993297,0.0,101082.04377993297,1.388258190421231,1,36346.798828125,0.0,0,0.0,0.004589642686662065,0.15660190725140877,-1,0.0,0.0,True,1037.0826165869382,0.4670820156351354,15824.171935582746,0.0,349.96778028449864,0.0,349.96778028449864,1828.7370518758735,1803.838314646405,0.01266243965327618,2.4721058646348314e-06
3,Ampara,PF,5.0,3,52101051051,helped,a,43493.30859375,0.0,4.052465078961589,0.0,185510.6888011759,564639.2291173065,78894.05580908769,0.0,78894.05580908769,0.0,25920.428267695934,0.0,25920.428267695934,102407.55842504543,0.0,102407.55842504543,0.9694916730157388,1,36346.798828125,0.0,0,0.0,0.004643500821149795,0.24824908076780525,-1,0.0,0.0,True,4699.3623912048315,1.111523517649033,15459.224066764657,0.0,1573.0750574638132,0.0,1573.0750574638132,6214.973540964832,6156.19772973949,0.020958394207269748,2.4721058646348314e-06
4,Ampara,PF,5.0,4,52101051061,helped,a,43493.30859375,0.0,6.078697618442383,0.0,119899.00962193316,364936.8389624983,48547.575057080176,0.0,48547.575057080176,0.0,15950.17424231194,0.0,15950.17424231194,65769.93188170761,0.0,65769.93188170761,1.0262048635965797,1,36346.798828125,0.0,0,0.0,0.005775933677332381,0.2316783712991909,-1,0.0,0.0,True,2451.895753689262,0.641151575721068,9991.584135161096,0.0,821.6504177386082,0.0,821.6504177386082,3388.043991512654,3354.1037240190417,0.012803481959323904,2.4721058646348314e-06
5,Ampara,PF,5.0,5,52101051081,helped,a,43493.30859375,0.0,7.09181388818278,0.0,111920.58600889788,340652.8961474091,53428.783936902604,0.0,53428.783936902604,0.0,17553.88219383677,0.0,17553.88219383677,62781.19326592077,0.0,62781.19326592077,0.8464971077293423,1,36346.798828125,0.0,0,0.0,0.005978262876591123,0.29115573822999563,-1,0.0,0.0,True,4551.769401493274,0.8496122711898408,9326.71550074149,0.0,1520.0628768196536,0.0,1520.0628768196536,5436.481810244372,5391.661841936159,0.013970933207332337,2.4721058646348314e-06
6,Ampara,PF,5.0,6,52101051091,helped,a,43493.30859375,0.0,6.078697618442383,0.0,93183.89750288204,283624.00243451586,47844.58533055098,0.0,47844.58533055098,0.0,15719.208872455416,0.0,15719.208872455416,52845.85871980619,0.0,52845.85871980619,0.7759843583312171,1,36346.798828125,0.0,0,0.0,0.006551783832808397,0.3212288649153269,-1,0.0,0.0,True,5004.197518053794,0.8041414886179439,7765.324791906837,0.0,1668.8822654432154,0.0,1668.8822654432154,5610.556939296271,5568.193306597558,0.012113476675168044,2.4721058646348314e-06
7,Ampara,PF,5.0,7,52101051101,helped,a,43493.30859375,0.0,5.065581348701985,0.0,107344.88809052588,326725.83586856845,29693.02814871281,0.0,29693.02814871281,0.0,9755.563943142228,0.0,9755.563943142228,56527.3864408114,0.0,56527.3864408114,1.5751785996167162,1,36346.798828125,0.0,0,0.0,0.006104348389754694,0.13128079227283382,-1,0.0,0.0,True,303.62032425925656,0.17246411559755614,8945.407340877156,0.0,102.82759561286443,0.0,102.82759561286443,595.8215504367514,586.5948365252503,0.0053145724853163046,2.4721058646348314e-06
8,Ampara,PF,5.0,8,52101053011,helped,a,43493.30859375,0.0,1.8010988102314913,22499.999450683594,205349.94354133017,556540.9688016331,82596.93526411754,0.0,82596.93526411754,0.0,27137.482037005564,0.0,27137.482037005564,112549.71015905513,0.0,112549.71015905513,1.0340847132999507,1,36346.798828125,0.0,0,0.0,0.004413495638762264,0.229506327987792,-1,0.0,0.0,True,4077.0099855073886,1.0806612160755265,17112.495295110846,0.0,1366.5026235997814,0.0,1366.5026235997814,5667.32018205223,5610.105169106278,0.0217475112067973,2.4721058646348314e-06
9,Ampara,PF,5.0,9,52101053021,helped,a,43493.30859375,0.0,3.6021976204629826,0.0,173356.15172921692,527644.4419870399,58306.997594902874,0.0,58306.997594902874,0.0,19156.606073347673,0.0,19156.606073347673,93060.11797538096,0.0,93060.11797538096,1.267489580161367,1,36346.798828125,0.0,0,0.0,0.004803528445287456,0.17696107824192614,-1,0.0,0.0,True,1459.414994045385,0.5570310733938939,14446.345977434743,0.0,491.34091621747865,0.0,491.34091621747865,2386.865578080966,2357.240942415312,0.013771155231424359,2.4721058646348314e-06
10,Ampara,PF,5.0,10,52101053031,helped,a,43493.30859375,0.0,3.6021976204629826,0.0,187466.7401595469,570592.8662809753,82172.76412731368,0.0,82172.76412731368,0.0,26997.639001783784,0.0,26997.639001783784,103905.97279018449,0.0,103905.97279018449,0.9359346080806461,1,36346.798828125,0.0,0,0.0,0.004619211863019197,0.25892638557901976,-1,0.0,0.0,True,5396.643413628146,1.19989229634524,15622.228346628908,0.0,1805.3168194985215,0.0,1805.3168194985215,6948.133513159495,6884.725895155715,0.021834447465550966,2.4721058646348314e-06
11,Ampara,PF,5.0,11,52101053041,helped,a,43493.30859375,0.0,3.6021976204629826,0.0,98597.30716633184,300100.8075125373,25781.432795731962,0.0,25781.432795731962,0.0,8470.41988863269,0.0,8470.41988863269,51665.70595961423,0.0,51665.70595961423,1.675441641014319,1,36346.798828125,0.0,0,0.0,0.006369384529710047,0.12003426162391001,-1,0.0,0.0,True,196.92261979635438,0.1254049559380892,8216.442263860987,0.0,66.82107190649818,0.0,66.82107190649818,407.57812462879684,400.8560705643018,0.004114390198617812,2.4721058646348314e-06
12,Ampara,PF,5.0,12,52101053051,helped,a,43493.30859375,0.0,4.502747025578729,0.0,102961.1308684206,313382.9858445473,21884.519114586896,0.0,21884.519114586896,0.0,7190.099457623889,0.0,7190.099457623889,53090.46530911314,0.0,53090.46530911314,2.097389739804465,1,36346.798828125,0.0,0,0.0,0.006232945703484369,0.08461262181951028,-1,0.0,0.0,True,48.974638630063,0.0983556174779352,8580.09423903505,0.0,16.754053452390743,0.0,16.754053452390743,123.70906673036822,123.70906673036822,0.0,2.4721058646348314e-06
13,Ampara,PF,5.0,13,52101053071,helped,a,43493.30859375,0.0,4.502747025578729,0.0,145297.51332983177,442242.3120165664,58556.03847796616,0.0,58556.03847796616,0.0,19238.427780686263,0.0,19238.427780686263,79655.00741206798,0.0,79655.00741206798,1.0317736855459518,1,36346.798828125,0.0,0,0.0,0.005246877259162607,0.23013949078769283,-1,0.0,0.0,True,2909.843542942193,0.7682302283228069,12108.126110819314,0.0,975.2171197989901,0.0,975.2171197989901,4037.800167015163,3997.1284471082254,0.015425261213565022,2.4721058646348314e-06
14,Ampara,PF,5.0,14,52101053081,helped,a,43493.30859375,0.0,6.303845835810221,0.0,115447.63546244109,351388.18314018013,38105.608082145496,0.0,38105.608082145496,0.0,12519.494285859919,0.0,12519.494285859919,61850.06185752963,0.0,61850.06185752963,1.2945749997041436,1,36346.798828125,0.0,0,0.0,0.00588623334315135,0.17206525624566754,-1,0.0,0.0,True,881.5016384189039,0.34959586865424797,9620.636288536758,0.0,296.92987785130805,0.0,296.92987785130805,1466.9227760417232,1448.3204806890396,0.008829860684549828,2.4721058646348314e-06
15,Ampara,PF,5.0,15,52101053091,helped,a,43493.30859375,0.0,3.6021976204629826,0.0,95714.04244082206,291325.009295876,30547.904357107775,0.0,30547.904357107775,0.0,10036.431205069828,0.0,10036.431205069828,51099.30421657787,0.0,51099.30421657787,1.3442124386497787,1,36346.798828125,0.0,0,0.0,0.006464607566986865,0.16360351178117669,-1,0.0,0.0,True,611.6402421177444,0.2597405341666672,7976.170203401838,0.0,206.22541627089623,0.0,206.22541627089623,1049.9723525124903,1036.1381115882066,0.006815167649975251,2.4721058646348314e-06
16,Ampara,PF,5.0,16,52101053101,helped,a,43493.30859375,0.0,6.303845835810221,0.0,118301.56240584551,360074.68589479,35333.57675210021,0.0,35333.57675210021,0.0,11608.750903365846,0.0,11608.750903365846,62743.61924034513,0.0,62743.61924034513,1.4472032847322722,1,36346.798828125,0.0,0,0.0,0.005814799647956988,0.147902064305776,-1,0.0,0.0,True,524.2853327541125,0.2547987222923105,9858.463533820459,0.0,177.12328719422786,0.0,177.12328719422786,957.3257435552965,943.7277550650097,0.007204909505123425,2.4721058646348314e-06
17,Ampara,PF,5.0,17,52101054011,helped,a,43493.30859375,0.0,0.9005494051157459,0.0,162408.5476928466,494323.19918575464,70728.41578319686,0.0,70728.41578319686,0.0,23237.629362501997,0.0,23237.629362501997,89938.34223099053,0.0,89938.34223099053,0.9430539639534073,1,36346.798828125,0.0,0,0.0,0.004962786066982747,0.25660148665203264,-1,0.0,0.0,True,4549.81842196326,1.025136631166717,13534.04564107055,0.0,1522.2407528194758,0.0,1522.2407528194758,5891.6427166173635,5837.462529559021,0.018797608878415417,2.4721058646348314e-06
18,Ampara,PF,5.0,18,52101054021,helped,a,43493.30859375,0.0,6.303845835810221,0.0,135091.45733174606,411178.120360939,41347.641027187514,0.0,41347.641027187514,0.0,13584.655425462386,0.0,13584.655425462386,71819.4533469778,0.0,71819.4533469778,1.4084188716648671,1,36346.798828125,0.0,0,0.0,0.005441467658575148,0.15354380460251096,-1,0.0,0.0,True,686.8107018879851,0.31758605412113994,11257.621444312172,0.0,231.85713477534043,0.0,231.85713477534043,1225.7839564299966,1208.847821606614,0.008736389489314433,2.4721058646348314e-06
19,Ampara,PF,5.0,19,52101054031,helped,a,43493.30859375,0.0,1.8010988102314913,0.0,193196.42599684995,588032.3217385879,84806.06662901456,0.0,84806.06662901456,0.0,27862.80340361974,0.0,27862.80340361974,107102.56570741994,0.0,107102.56570741994,0.9343643144120309,1,36346.798828125,0.0,0,0.0,0.004550199639156125,0.25944365560517413,-1,0.0,0.0,True,5595.08770671008,1.2403599706051978,16099.702166404162,0.0,1871.6449391828476,0.0,1871.6449391828476,7194.4654016310815,7128.921275807663,0.022532627148535767,2.4721058646348314e-06
20,Ampara,PF,5.0,20,52101054051,helped,a,43493.30859375,0.0,1.8010988102314913,0.0,223170.11200002788,679263.2856685289,96366.38787026009,0.0,96366.38787026009,0.0,31660.91562401734,0.0,31660.91562401734,123445.89536260461,0.0,123445.89536260461,0.9524584428977368,1,36346.798828125,0.0,0,0.0,0.004233621031506153,0.2535804131134929,-1,0.0,0.0,True,6031.740448295284,1.3829054660712359,18597.509333335656,0.0,2018.415723483476,0.0,2018.415723483476,7869.801971562862,7796.699857483733,0.025613109634520015,2.4721058646348314e-06
21,Ampara,PF,5.0,21,52101054061,helped,a,43493.30859375,0.0,6.303845835810221,0.0,106204.43527777874,323254.63751770486,40060.96155979169,0.0,40060.96155979169,0.0,13161.920372788001,0.0,13161.920372788001,57754.58488699998,0.0,57754.58488699998,1.1131201743037706,1,36346.798828125,0.0,0,0.0,0.00613703596878039,0.20935423759676033,-1,0.0,0.0,True,1571.2077645152358,0.47477873572730545,8850.369606481561,0.0,527.4071278276685,0.0,527.4071278276685,2314.2656140898507,2289.090403858262,0.0102927523572518,2.4721058646348314e-06
22,Ampara,PF,5.0,22,52101054071,helped,a,43493.30859375,0.0,4.502747025578729,0.0,70674.3889680465,215111.76937100297,18260.05764212643,0.0,18260.05764212643,0.0,5999.292461552109,0.0,5999.292461552109,34327.59013992151,0.0,34327.59013992151,1.7347007230858975,2,36346.798828125,0.0,0,0.0,0.007523136893750576,0.1173800791205346,-1,0.0,0.0,True,118.23629800678808,0.09816296867203445,5889.532414003876,0.0,40.166550048163224,0.0,40.166550048163224,252.24239252321203,252.24239252321203,0.0,2.4721058646348314e-06
23,Ampara,PF,5.0,23,52101054081,helped,a,43493.30859375,0.0,2.701648215347238,0.0,153146.89054520603,466133.4760706766,40245.54494700049,0.0,40245.54494700049,0.0,13222.564744515217,0.0,13222.564744515217,80284.3646558675,0.0,80284.3646558675,1.666316110259315,1,36346.798828125,0.0,0,0.0,0.005110647227408239,0.12101233575043352,-1,0.0,0.0,True,315.67266092459806,0.19899902760541366,12762.240878767168,0.0,107.09728042444267,0.0,107.09728042444267,650.2699953739494,639.6049699804619,0.006492791151572419,2.4721058646348314e-06
24,Ampara,PF,5.0,24,52101054091,helped,a,43493.30859375,0.0,1.8010988102314913,0.0,140822.95956858035,428623.10439718893,77257.05433287127,0.0,77257.05433287127,0.0,25382.59586824294,0.0,25382.59586824294,80709.92031926804,0.0,80709.92031926804,0.7161459225799718,1,36346.798828125,0.0,0,0.0,0.0053295833920314626,0.35084747021375773,-1,0.0,0.0,True,9617.2056906283,1.3479440987840405,11735.24663071503,0.0,3203.608509576644,0.0,3203.608509576644,10186.62507507978,10115.694760892331,0.01872862159072497,2.4721058646348314e-06
25,Ampara,PF,5.0,25,52101054101,helped,a,43493.30859375,0.0,6.303845835810221,0.0,78970.67078033325,240363.1777793352,26520.369460461436,0.0,26520.369460461436,0.0,8713.195527634438,0.0,8713.195527634438,42385.63040064214,0.0,42385.63040064214,1.2696819674103375,1,36346.798828125,0.0,0,0.0,0.007117001906923673,0.17655706756159587,-1,0.0,0.0,True,659.5800249420798,0.2525381992944702,6580.8892316944375,0.0,222.0700385340528,0.0,222.0700385340528,1080.2671128529305,1066.8357828230205,0.006254286830962741,2.4721058646348314e-06
26,Ampara,PF,5.0,26,52102059011,helped,a,43493.30859375,0.0,2.4314791742801813,0.0,83271.65877734953,253454.1029587509,27997.61569565869,0.0,27997.61569565869,0.0,9198.540775517406,0.0,9198.540775517406,44699.70606485073,0.0,44699.70606485073,1.2680067358320852,1,36346.798828125,0.0,0,0.0,0.006930768417372292,0.17686565226527134,-1,0.0,0.0,True,699.7223060381538,0.26726807798707597,6939.30489811246,0.0,235.57769803037425,0.0,235.57769803037425,1144.7743848044836,1130.56009998298,0.006610242273104916,2.4721058646348314e-06
27,Ampara,PF,5.0,27,52102059021,helped,a,43493.30859375,0.0,1.6209861161867876,1249.999969482422,70735.02741562157,211491.7215641069,37635.392801876085,0.0,37635.392801876085,0.0,12365.033149468627,0.0,12365.033149468627,34388.228587496575,0.0,34388.228587496575,0.7480392372857864,2,36346.798828125,0.0,0,0.0,0.007519911552857938,0.3396601352361481,-1,0.0,0.17341040462427745,True,4370.652161901181,0.6596759551703002,5894.585617968464,0.0,1456.815588646147,0.0,1456.815588646147,4773.6985518439105,4738.9643330973995,0.009576814512001874,2.4721058646348314e-06
28,Ampara,PF,5.0,28,52102059031,helped,a,43493.30859375,0.0,2.4314791742801813,0.0,71505.18081684581,217640.45206898887,16304.268946568734,0.0,16304.268946568734,0.0,5356.723384958453,0.0,5356.723384958453,35158.3819887208,0.0,35158.3819887208,1.9886597388144602,2,36346.798828125,0.0,0,0.0,0.00747930495358376,0.09508693903144143,-1,0.0,0.0,True,50.299814153433374,0.09869565210705478,5958.765068070484,0.0,17.17137980318474,0.0,17.17137980318474,121.10780742984181,121.10780742984181,0.0,2.4721058646348314e-06
29,Ampara,PF,5.0,29,52102059041,helped,a,43493.30859375,0.0,4.0524652904669685,0.0,81725.26410679494,248747.33861899434,33681.247031678664,0.0,33681.247031678664,0.0,11065.882450812094,0.0,11065.882450812094,44930.93977631971,0.0,44930.93977631971,1.0054573482287064,1,36346.798828125,0.0,0,0.0,0.006996032676754663,0.2375519238019017,-1,0.0,0.0,True,1806.9171253975753,0.45573049381574293,6810.438675566245,0.0,605.2707676231265,0.0,605.2707676231265,2457.5884055632373,2433.4733080400256,0.008914930523594933,2.4721058646348314e-06
30,Ampara,PF,5.0,30,52102059051,helped,a,43493.30859375,0.0,1.6209861161867876,150.0,100858.7011452491,306527.26298855053,67099.93597165795,0.0,67099.93597165795,0.0,22045.505370397634,0.0,22045.505370397634,59818.45682242622,0.0,59818.45682242622,0.5629357301918043,1,36346.798828125,0.0,0,0.0,0.006297574445849965,0.4509214619518505,-1,0.0,0.0,True,13044.34445483736,1.2239713908216743,8404.891762104091,0.0,4332.422279398376,0.0,4332.422279398376,11755.630936391559,11691.414053709157,0.013348121363321752,2.4721058646348314e-06
31,Ampara,PF,5.0,31,52102059061,helped,a,43493.30859375,0.0,3.241972232373575,1249.999969482422,57804.29008980555,172134.41227508624,23933.68352174912,0.0,23933.68352174912,0.0,7863.373691121386,0.0,7863.373691121386,21457.491261680552,0.0,21457.491261680552,1.0126029175565359,2,36346.798828125,0.0,0,0.0,0.00831859459825265,0.2446484287748288,-1,0.0,0.4816955684007708,True,1451.699749792615,0.37075145432102374,4817.024174150462,0.0,486.3521279431209,0.0,486.3521279431209,1985.309717830386,1965.6886073700177,0.007304623913434227,2.4721058646348314e-06
32,Ampara,PF,5.0,32,52102059071,helped,a,43493.30859375,0.0,2.4314791742801813,0.0,94081.69105696894,286356.6183477122,35145.74066273443,0.0,35145.74066273443,0.0,11547.037865158356,0.0,11547.037865158356,51103.579348774554,0.0,51103.579348774554,1.1255002949918937,1,36346.798828125,0.0,0,0.0,0.006520448035778217,0.20644048479964816,-1,0.0,0.0,True,1329.664252623247,0.4098131644024292,7840.140921414078,0.0,446.43472417793015,0.0,446.43472417793015,1975.7805090355316,1954.044923352421,0.008984247603557094,2.4721058646348314e-06
33,Ampara,PF,5.0,33,52102059081,helped,a,43493.30859375,0.0,3.241972232373575,0.0,75890.76029783556,230988.84850577163,31744.921681528864,0.0,31744.921681528864,0.0,10429.708003615051,0.0,10429.708003615051,39543.96146971056,0.0,39543.96146971056,1.0119040715899912,2,36346.798828125,0.0,0,0.0,0.007259981997559126,0.24360013476226058,-1,0.0,0.0,True,1679.2040985583517,0.4283302769912183,6324.23002481963,0.0,562.5600617687701,0.0,562.5600617687701,2295.208096271827,2272.540072824799,0.00843318056229947,2.4721058646348314e-06
34,Ampara,PF,5.0,34,52102059091,helped,a,43493.30859375,0.0,2.4314791742801813,0.0,133528.55686287096,406421.11729208345,39235.897771617565,0.0,39235.897771617565,0.0,12890.847900745342,0.0,12890.847900745342,70709.11398055287,0.0,70709.11398055287,1.4736062984044183,1,36346.798828125,0.0,0,0.0,0.0054732201605824605,0.1442329274206353,-1,0.0,0.0,True,539.1406268967414,0.2708575839574294,11127.37973857258,0.0,182.23464819089537,0.0,182.23464819089537,999.5968154578047,985.13444900531,0.007800729192759093,2.4721058646348314e-06
35,Ampara,PF,5.0,35,52102059101,helped,a,43493.30859375,0.0,4.862958348560363,0.0,79044.18222716647,240586.924707016,22815.866236392536,0.0,22815.866236392536,0.0,7496.09103094984,0.0,7496.09103094984,41787.08188177856,0.0,41787.08188177856,1.5029449460977615,1,36346.798828125,0.0,0,0.0,0.007113691715146475,0.14030895226722273,-1,0.0,0.0,True,287.86207615007356,0.14995547876467796,6587.015185597206,0.0,97.35513198425541,0.0,97.35513198425541,542.7077732968717,534.6964141351453,0.0044059694381406445,2.4721058646348314e-06
36,Ampara,PF,5.0,36,52102060011,helped,a,43493.30859375,0.0,1.8010988102314913,0.0,105491.44572760709,321084.5098955219,22284.261156398876,0.0,22284.261156398876,0.0,7321.433622335145,0.0,7321.433622335145,54371.56355096744,0.0,54371.56355096744,2.1113614491599133,1,36346.798828125,0.0,0,0.0,0.006157740367626415,0.08369639707902411,-1,0.0,0.0,True,47.88268095241509,0.09785128927009445,8790.953810633924,0.0,16.384908826885972,0.0,16.384908826885972,121.68014592662486,121.68014592662486,0.0,2.4721058646348314e-06
37,Ampara,PF,5.0,37,52102060021,helped,a,43493.30859375,0.0,2.701648215347238,0.0,76291.96779815528,232210.00452195894,30053.639015184075,0.0,30053.639015184075,0.0,9874.041666223662,0.0,9874.041666223662,39945.168970030274,0.0,39945.168970030274,1.0818615369800386,2,36346.798828125,0.0,0,0.0,0.007240867280425336,0.2234710575622015,-1,0.0,0.0,True,1295.052081640399,0.3719458672256266,6357.6639831796065,0.0,434.44824097514004,0.0,434.44824097514004,1865.027202968242,1845.316595263737,0.007834628044214753,2.4721058646348314e-06
38,Ampara,PF,5.0,38,52102060031,helped,a,43493.30859375,0.0,4.502747025578729,0.0,61854.626670224374,188267.04243358347,16700.155172247658,0.0,16700.155172247658,0.0,5486.790731726768,0.0,5486.790731726768,25507.827842099374,0.0,25507.827842099374,1.6666202374623804,2,36346.798828125,0.0,0,0.0,0.008041626547917019,0.1272130633918945,-1,0.0,0.0,True,138.13071289134908,0.09904576423256195,5154.552222518698,0.0,46.86345133025644,0.0,46.86345133025644,284.58745228107455,284.58745228107455,0.0,2.4721058646348314e-06
39,Ampara,PF,5.0,39,52102060041,helped,a,43493.30859375,0.0,4.502747025578729,0.0,60139.95723148843,183048.0998684113,13197.448714560649,0.0,13197.448714560649,0.0,4335.986015855978,0.0,4335.986015855978,23793.15840336343,0.0,23793.15840336343,2.100621401125108,2,36346.798828125,0.0,0,0.0,0.008155459553498208,0.08981838319870841,-1,0.0,0.0,True,31.2568748499935,0.09837415801849847,5011.663102624036,0.0,10.693533952244453,0.0,10.693533952244453,79.06441061914528,79.06441061914528,0.0,2.4721058646348314e-06
40,Ampara,PF,5.0,40,52102060051,helped,a,43493.30859375,0.0,4.502747025578729,0.0,73982.6970432079,225181.27282287012,20257.75869684954,0.0,20257.75869684954,0.0,6655.631730185402,0.0,6655.631730185402,37635.898215082896,0.0,37635.898215082896,1.644193165090207,2,36346.798828125,0.0,0,0.0,0.007353005924870206,0.12884058504517146,-1,0.0,0.0,True,170.0285898589933,0.1045597237931668,6165.224753600658,0.0,57.66048642671815,0.0,57.66048642671815,346.2185736121574,340.6172554208822,0.0033654822044280053,2.4721058646348314e-06
41,Ampara,PF,5.0,41,52102060061,helped,a,43493.30859375,0.0,6.303845835810221,0.0,48480.07555637554,147558.8962910861,17755.98481661385,0.0,17755.98481661385,0.0,5833.680700546806,0.0,5833.680700546806,12133.276728250537,0.0,12133.276728250537,1.1686594304113387,2,36346.798828125,0.0,0,0.0,0.009083398165646546,0.0423347622080751,-1,0.4046242774566475,0.3082851637764933,True,1168.6435049923773,0.38531212489053956,4040.0062963646283,0.0,392.6984394853068,0.0,392.6984394853068,1789.546771429493,1769.0936654259062,0.008774695987817438,2.4721058646348314e-06
42,Ampara,PF,5.0,42,52102060071,helped,a,43493.30859375,0.0,2.701648215347238,0.0,122011.01352844006,371365.1491874735,33345.24393617618,0.0,33345.24393617618,0.0,10955.48954420616,0.0,10955.48954420616,64181.28345719216,0.0,64181.28345719216,1.596203465023732,1,36346.798828125,0.0,0,0.0,0.005725724904569222,0.12880953017676203,-1,0.0,0.0,True,320.73340143953175,0.18670597321694515,10167.584460703338,0.0,108.66732224961504,0.0,108.66732224961504,636.6131046626776,626.6204137171655,0.00583142457712249,2.4721058646348314e-06
43,Ampara,PF,5.0,43,52102060091,helped,a,43493.30859375,0.0,2.701648215347238,0.0,113963.84798217926,346871.9764221571,33934.84301831796,0.0,33934.84301831796,0.0,11149.200725088245,0.0,11149.200725088245,60425.37384835558,0.0,60425.37384835558,1.4520819529552018,1,36346.798828125,0.0,0,0.0,0.005924428238197458,0.14721392864090785,-1,0.0,0.0,True,496.43396585143654,0.2427568150978665,9496.987331848271,0.0,167.72981492750222,0.0,167.72981492750222,909.0460403769971,896.0894813280568,0.006887867926032243,2.4721058646348314e-06
44,Ampara,PF,5.0,44,52102060101,helped,a,43493.30859375,0.0,2.701648215347238,8333.332763671875,48268.013840785854,121549.35701522033,10420.20589359124,0.0,10420.20589359124,0.0,3423.7092112218274,0.0,3423.7092112218274,11921.21501266085,0.0,11921.21501266085,2.1015587696130127,2,36346.798828125,0.0,0,0.0,0.009103329894581746,0.0,-1,0.0,0.0,True,38.05514630630228,6571.1065590841445,4022.3344867321543,0.0,13.040179803492505,0.0,13.040179803492505,96.32015519220879,0.0,1.818807177162559,2.4721058646348314e-06
45,Ampara,PF,5.0,45,52103067011,helped,a,43493.30859375,0.0,3.6021976204629826,0.0,102753.42851170579,312750.80179445737,32092.05085299611,0.0,32092.05085299611,0.0,10543.756352332408,0.0,10543.756352332408,54737.26272699567,0.0,54737.26272699567,1.377085764231779,1,36346.798828125,0.0,0,0.0,0.006239242057664133,0.15833537289286523,-1,0.0,0.0,True,583.948934129404,0.25914775655270716,8562.785709308815,0.0,197.01354626460216,0.0,197.01354626460216,1022.783710311847,1008.9722964294098,0.006968117868048296,2.4721058646348314e-06
46,Ampara,PF,5.0,46,52103067021,helped,a,43493.30859375,0.0,2.701648215347238,0.0,102512.07002948405,312016.1785324594,34465.59916812833,0.0,34465.59916812833,0.0,11323.579219991449,0.0,11323.579219991449,55027.66205112837,0.0,55027.66205112837,1.2680494140821952,1,36346.798828125,0.0,0,0.0,0.0062465826988716685,0.17685778069500815,-1,0.0,0.0,True,861.2645610004535,0.3289913004637697,8542.672502457004,0.0,289.96487287687535,0.0,289.96487287687535,1409.1029630628705,1391.6059992306248,0.008137097074683908,2.4721058646348314e-06
47,Ampara,PF,5.0,47,52103067031,helped,a,43493.30859375,0.0,1.8010988102314913,0.0,117625.39303197702,358016.6279118183,28188.586233634454,0.0,28188.586233634454,0.0,9261.283628322723,0.0,9261.283628322723,61197.15811487233,0.0,61197.15811487233,1.8424433937939046,1,36346.798828125,0.0,0,0.0,0.00583148888081493,0.10394546302596247,-1,0.0,0.0,True,132.4482034812645,0.10069940842653047,9802.116085998085,0.0,45.08804040641317,0.0,45.08804040641317,297.93493521812576,292.5197704450508,0.00363902650747594,2.4721058646348314e-06
48,Ampara,PF,5.0,48,52103067041,helped,a,43493.30859375,0.0,1.8010988102314913,2499.999938964844,73981.20290810967,217567.49879558414,20803.352508198717,0.0,20803.352508198717,0.0,6834.938738310622,0.0,6834.938738310622,37634.40407998467,0.0,37634.40407998467,1.588649211848922,2,36346.798828125,0.0,0,0.0,0.007353080175682087,0.1344369655875576,-1,0.0,0.0,True,205.19211381532833,0.11840524663599261,6165.1002423424725,0.0,69.5169707676784,0.0,69.5169707676784,405.6276792164518,399.2914361289721,0.0036803619859666625,2.4721058646348314e-06
49,Ampara,PF,5.0,49,52103067061,helped,a,43493.30859375,0.0,1.8010988102314913,0.0,173242.29277537798,527297.889277117,67276.09905788589,0.0,67276.09905788589,0.0,22103.38005666922,0.0,22103.38005666922,94540.01654258427,0.0,94540.01654258427,1.0767068468638308,1,36346.798828125,0.0,0,0.0,0.004805106682568002,0.21828379116198304,-1,0.0,0.0,True,2933.4808959963393,0.8353771866294437,14436.857731281498,0.0,983.9905761719699,0.0,983.9905761719699,4208.6995342133805,4164.434607066388,0.017511583062130853,2.4721058646348314e-06
50,Ampara,PF,5.0,50,52103067071,helped,a,43493.30859375,0.0,3.6021976204629826,0.0,112472.31443681991,342332.19299136556,51486.2855242953,0.0,51486.2855242953,0.0,16915.679603695615,0.0,16915.679603695615,62713.29119632907,0.0,62713.29119632907,0.8895108887010797,1,36346.798828125,0.0,0,0.0,0.005963581785685652,0.2749398576271263,-1,0.0,0.0,True,3870.314673785416,0.7873478357665533,9372.692869734992,0.0,1293.5627848682168,0.0,1293.5627848682168,4795.762364194435,4754.192620944239,0.013610608360522747,2.4721058646348314e-06
51,Ampara,PF,5.0,51,52103067081,helped,a,43493.30859375,0.0,2.701648215347238,0.0,130928.62116746003,398507.6881721863,36502.83710727036,0.0,36502.83710727036,0.0,11992.908224872917,0.0,11992.908224872917,68995.45540906262,0.0,68995.45540906262,1.561592240533993,1,36346.798828125,0.0,0,0.0,0.005527295692134975,0.13291390679678214,-1,0.0,0.0,True,388.3023976886217,0.21706474040989043,10910.71843062167,0.0,131.4725916433328,0.0,131.4725916433328,756.364608496584,744.7548308270665,0.006630397731100857,2.4721058646348314e-06
52,Ampara,PF,5.0,52,52103067091,helped,a,43493.30859375,0.0,5.403296430694476,0.0,98520.44416939592,299866.8594655649,33297.5818370036,0.0,33297.5818370036,0.0,10939.830290666448,0.0,10939.830290666448,52914.759027609216,0.0,52914.759027609216,1.2605999121022067,1,36346.798828125,0.0,0,0.0,0.006371868656419071,0.1782397851477894,-1,0.0,0.0,True,850.3080478461043,0.32136048790652083,8210.037014116328,0.0,286.23501839191067,0.0,286.23501839191067,1384.4873842689708,1367.3987080430256,0.007901096408414077,2.4721058646348314e-06
53,Ampara,PF,5.0,53,52103067101,helped,a,43493.30859375,0.0,3.6021976204629826,0.0,112512.19319555954,342453.57204363693,33546.71589796411,0.0,33546.71589796411,0.0,11021.682611350701,0.0,11021.682611350701,59663.23421256336,0.0,59663.23421256336,1.4499646328767648,1,36346.798828125,0.0,0,0.0,0.005962524827726458,0.14751200164994338,-1,0.0,0.0,True,493.78853627636073,0.2408178461410948,9376.016099629962,0.0,166.82919926325337,0.0,166.82919926325337,903.0898402832963,890.2372933673175,0.0068227495425041695,2.4721058646348314e-06
54,Ampara,PF,5.0,54,52103068011,helped,a,43493.30859375,0.0,4.862958348560363,0.0,85913.1255691381,261493.94035406655,31828.745559091614,0.0,31828.745559091614,0.0,10457.248111462251,0.0,10457.248111462251,46621.13117644102,0.0,46621.13117644102,1.136201959258456,1,36346.798828125,0.0,0,0.0,0.00682339065026466,0.20396559762871705,-1,0.0,0.0,True,1167.2575236032956,0.3659021722797462,7159.427130761508,0.0,391.98748946409404,0.0,391.98748946409404,1747.5821526887264,1728.1715070863997,0.00809870637780108,2.4721058646348314e-06
55,Ampara,PF,5.0,55,52103068021,helped,a,43493.30859375,0.0,4.0524652904669685,0.0,95652.25555999498,291136.9484515914,22952.638126896487,0.0,22952.638126896487,0.0,7541.02706498292,0.0,7541.02706498292,49770.26448644898,0.0,49770.26448644898,1.839842426303962,1,36346.798828125,0.0,0,0.0,0.00646669514690269,0.10417407898671863,-1,0.0,0.0,True,108.66554193732962,0.09837894719379303,7971.021296666248,0.0,36.990088833740295,0.0,36.990088833740295,244.1320643419104,244.1320643419104,0.0,2.4721058646348314e-06
56,Ampara,PF,5.0,56,52103068031,helped,a,43493.30859375,0.0,4.0524652904669685,0.0,81181.01221371742,247090.79811807317,24025.42901307119,0.0,24025.42901307119,0.0,7893.489603841598,0.0,7893.489603841598,43018.141083405375,0.0,43018.141083405375,1.4619781174543849,1,36346.798828125,0.0,0,0.0,0.007019444823970498,0.14583233592748684,-1,0.0,0.0,True,341.4935097656329,0.1690847593396967,6765.0843511431185,0.0,115.40218825675467,0.0,115.40218825675467,628.921790604084,619.8955787726875,0.004830690205514188,2.4721058646348314e-06
57,Ampara,PF,5.0,57,52103068041,helped,a,43493.30859375,0.0,1.6209861161867876,0.0,71568.52042630437,217833.23895630188,14688.572882572778,0.0,14688.572882572778,0.0,4825.890820962145,0.0,4825.890820962145,35221.72159817937,0.0,35221.72159817937,2.273286140834168,2,36346.798828125,0.0,0,0.0,0.00747599455178319,0.0788713750160346,-1,0.0,0.0,True,19.822388191067613,0.09935732423679067,5964.043368858697,0.0,6.80419135017956,0.0,6.80419135017956,53.88378794448542,53.88378794448542,0.0,2.4721058646348314e-06
58,Ampara,PF,5.0,58,52103068051,helped,a,43493.30859375,0.0,3.241972232373575,0.0,57577.27530452685,175248.0601129486,15674.50672953396,0.0,15674.50672953396,0.0,5149.8167149318015,0.0,5149.8167149318015,21230.476476401847,0.0,21230.476476401847,1.6234089222717505,2,36346.798828125,0.0,0,0.0,0.008334977678081336,0.12988205893550875,-1,0.0,0.13487475915221578,True,154.52276251695687,0.09880137173964076,4798.106275377238,0.0,52.38113347621038,0.0,52.38113347621038,311.2053634090378,311.2053634090378,0.0,2.4721058646348314e-06
59,Ampara,PF,5.0,59,52103068061,helped,a,43493.30859375,0.0,3.241972232373575,0.0,60476.37786207795,184072.0639685005,15271.888130996955,0.0,15271.888130996955,0.0,5017.537465302749,0.0,5017.537465302749,24129.579033952952,0.0,24129.579033952952,1.7629756294274819,2,36346.798828125,0.0,0,0.0,0.00813274414595051,0.11412992415159019,-1,0.0,0.0,True,95.93916303271702,0.09760355007875887,5039.698155173162,0.0,32.60965732235188,0.0,32.60965732235188,207.59217221919806,207.59217221919806,0.0,2.4721058646348314e-06
60,Ampara,PF,5.0,60,52103068071,helped,a,43493.30859375,0.0,4.862958348560363,0.0,52360.93327150443,159371.07014880312,20254.048667445502,0.0,20254.048667445502,0.0,6654.412810077262,0.0,6654.412810077262,16014.134443379426,0.0,16014.134443379426,1.1004696665434677,2,36346.798828125,0.0,0,0.0,0.008740299331567137,0.06565636737974603,-1,0.0,0.0,True,1159.158072945007,0.3431926013511273,4363.411105958702,0.0,388.9996263786542,0.0,388.9996263786542,1691.954487325724,1673.761085792994,0.007354634346945943,2.4721058646348314e-06
61,Ampara,PF,5.0,61,52103068081,helped,a,43493.30859375,0.0,3.241972232373575,0.0,74836.00638684063,227778.49206183144,26731.054455197802,0.0,26731.054455197802,0.0,8782.415511790898,0.0,8782.415511790898,38489.207558715636,0.0,38489.207558715636,1.2096665615049575,2,36346.798828125,0.0,0,0.0,0.0073109648177687924,0.19387516377472422,-1,0.0,0.0,True,794.7124897815432,0.2787934208579941,6236.333865570053,0.0,267.2577502119478,0.0,267.2577502119478,1251.2645374966453,1236.4539509449862,0.006574335436013712,2.4721058646348314e-06
62,Ampara,PF,5.0,62,52103068091,helped,a,43493.30859375,0.0,3.241972232373575,0.0,56740.753008174324,172701.9356410689,13150.523725630692,0.0,13150.523725630692,0.0,4320.568937889233,0.0,4320.568937889233,20393.954180049324,0.0,20393.954180049324,1.9299065172169882,2,36346.798828125,0.0,0,0.0,0.008396193679850276,0.05090806511586359,-1,0.0,0.0,True,53.34445352204605,9508.809084524533,4728.396084014527,0.0,18.190156794950383,0.0,18.190156794950383,125.04023034458497,0.0,2.3650089420171665,2.4721058646348314e-06
63,Ampara,PF,5.0,63,52103068101,helped,a,43493.30859375,0.0,2.4314791742801813,0.0,44218.85499038566,134589.01131557365,11960.72707484915,0.0,11960.72707484915,0.0,3929.6644721034163,0.0,3929.6644721034163,7872.056162260661,0.0,7872.056162260661,1.6283308962400869,2,36346.798828125,0.0,0,0.0,0.009511001481271127,0.0,-1,1.9460500963391103,0.0,True,447.4285038804505,2396.6760073371515,3684.9045825321386,0.0,151.68661596151912,0.0,151.68661596151912,903.4688114177249,0.0,17.13762979057028,2.4721058646348314e-06
64,Ampara,PF,5.0,64,52104072011,helped,a,43493.30859375,0.0,1.6209861161867876,0.0,605070.3868616446,1841653.8637589482,184996.1613957367,0.0,184996.1613957367,0.0,60779.98756789664,0.0,60779.98756789664,321643.09083630034,0.0,321643.09083630034,1.410100086943833,1,36346.798828125,0.0,0,0.0,0.0025711478243455113,0.15329276132703729,-1,0.0,0.0,True,3057.910194997098,1.4170877769007717,50422.53223847038,0.0,1032.3386945935667,0.0,1032.3386945935667,5463.058184210107,5387.485699878499,0.0390294549221295,2.4721058646348314e-06
65,Ampara,PF,5.0,65,52104072021,helped,a,43493.30859375,0.0,3.241972232373575,0.0,488820.2543676173,1487823.1189086481,189923.11946324928,0.0,189923.11946324928,0.0,62398.72629107678,0.0,62398.72629107678,266770.5896545297,0.0,266770.5896545297,1.0760768038195554,1,36346.798828125,0.0,0,0.0,0.002860588572073875,0.21844343084888307,-1,0.0,0.0,True,8296.528155800264,2.3601698240760527,40735.021197301445,0.0,2782.9076467557957,0.0,2782.9076467557957,11897.645320771691,11772.586271106293,0.04944577641333581,2.4721058646348314e-06
66,Ampara,PF,5.0,66,52104072031,helped,a,43493.30859375,0.0,4.862958348560363,4999.999877929688,388132.9627445792,1166142.5691605092,337510.26327039057,0.0,337510.26327039057,0.0,110888.18977176788,0.0,110888.18977176788,243763.8236915932,0.0,243763.8236915932,0.39369360988401786,1,36346.798828125,0.0,0,0.0,0.0032102564850938565,0.634400692150287,-1,0.0,0.0,True,107357.83397977774,5.695167453652175,32344.413562048267,0.0,35540.71609417971,0.0,35540.71609417971,78128.6428796652,77830.81301216091,0.04336563891615697,2.4721058646348314e-06
67,Ampara,PF,5.0,67,52104072041,helped,a,43493.30859375,0.0,2.4314791742801813,8000.000244140625,288429.644044353,853544.3193535536,155720.3755364375,0.0,155720.3755364375,0.0,51161.67909553303,0.0,51161.67909553303,164877.55158389598,0.0,164877.55158389598,0.7302568600713029,1,36346.798828125,0.0,0,0.0,0.0037240032272112186,0.3435010465462037,-1,0.0,0.0,True,18604.854008605424,2.69543875129051,24035.803670362748,0.0,6199.2088069799565,0.0,6199.2088069799565,19978.04810316031,19836.172557083988,0.03819412108560982,2.4721058646348314e-06
68,Ampara,PF,5.0,68,52104072051,helped,a,43493.30859375,0.0,0.8104930580933938,6000.0,137484.2297309482,400198.86254315026,52805.56266808663,0.0,52805.56266808663,0.0,17349.25326997227,0.0,17349.25326997227,74926.57378003621,0.0,74926.57378003621,1.090364681311523,1,36346.798828125,0.0,0,0.0,0.005393908229972148,0.21486728664031204,-1,0.0,0.0,True,2212.813041902788,0.6444619532957887,11457.019144245683,0.0,742.4639321103267,0.0,742.4639321103267,3206.4631775808502,3172.3054722112324,0.0136826588355774,2.4721058646348314e-06
69,Ampara,PF,5.0,69,52104072061,helped,a,43493.30859375,0.0,0.8104930580933938,6999.999755859375,398446.47928267147,1191446.4578244807,125719.5448423154,0.0,125719.5448423154,0.0,41304.96600420502,0.0,41304.96600420502,212472.86384087865,0.0,212472.86384087865,1.361505866501204,1,36346.798828125,0.0,0,0.0,0.0031684364354063414,0.16080049263008825,-1,0.0,0.0,True,2393.680846534631,1.0404634336258596,33203.87327355595,0.0,807.3584602638632,0.0,807.3584602638632,4152.994694394646,4097.559304713011,0.0276558280626773,2.4721058646348314e-06
70,Ampara,PF,5.0,70,52104072062,helped,a,43493.30859375,0.0,3.241972232373575,30000.0,317493.8412242044,875045.8779013845,115382.01405612715,0.0,115382.01405612715,0.0,37909.09176009505,0.0,37909.09176009505,171906.2106994746,0.0,171906.2106994746,1.161334546250832,1,36346.798828125,0.0,0,0.0,0.0035494604635498118,0.1983305697343168,-1,0.0,0.0,True,3933.0447449933317,1.2822224718844524,26457.820102017035,0.0,1321.5058574020695,0.0,1321.5058574020695,5992.444628415265,5924.391419509051,0.029014693938549385,2.4721058646348314e-06
71,Ampara,PF,5.0,71,52104072071,helped,a,43493.30859375,0.0,1.6209861161867876,0.0,335218.1037876554,1020303.9670220191,89475.0086452377,0.0,89475.0086452377,0.0,29396.771652259366,0.0,29396.771652259366,175968.34787339624,0.0,175968.34787339624,1.6381286622981301,1,36346.798828125,0.0,0,0.0,0.003454349397698688,0.12407543032446824,-1,0.0,0.0,True,761.7935269609643,0.465268723731203,27934.841982304617,0.0,258.3109875029803,0.0,258.3109875029803,1546.2431809226036,1521.321408321922,0.014919573006402231,2.4721058646348314e-06
72,Ampara,PF,5.0,72,52104072081,helped,a,43493.30859375,0.0,4.0524652904669685,0.0,139548.878343871,424745.18099988136,59653.549059330595,0.0,59653.549059330595,0.0,19599.011908419965,0.0,19599.011908419965,77087.61438162863,0.0,77087.61438162863,0.9637080002739032,1,36346.798828125,0.0,0,0.0,0.00535385765943229,0.2500394673957822,-1,0.0,0.0,True,3613.590412308674,0.8457622571195458,11629.073195322584,0.0,1209.4865302075702,0.0,1209.4865302075702,4757.200601544599,4712.482858174197,0.015851295296670287,2.4721058646348314e-06
73,Ampara,PF,5.0,73,52104072091,helped,a,43493.30859375,0.0,4.862958348560363,0.0,98173.79896725177,298811.7748179861,27049.352194498297,0.0,27049.352194498297,0.0,8886.991371590437,0.0,8886.991371590437,51679.65084262923,0.0,51679.65084262923,1.5820216012323802,1,36346.798828125,0.0,0,0.0,0.00638310806751584,0.13046909427078995,-1,0.0,0.0,True,271.1357064086048,0.15525077743838445,8181.149913937647,0.0,91.8380845770875,0.0,91.8380845770875,534.0570218366659,525.7501147203222,0.004805236363997878,2.4721058646348314e-06
74,Ampara,PF,5.0,74,52104072101,helped,a,43493.30859375,0.0,4.0524652904669685,0.0,318447.18144782574,969258.2794514407,91237.08968716735,0.0,91237.08968716735,0.0,29975.698604116536,0.0,29975.698604116536,168231.97928937542,0.0,168231.97928937542,1.5153517189041252,1,36346.798828125,0.0,0,0.0,0.0035441434439726772,0.13869596105731763,-1,0.0,0.0,True,1110.3049706069185,0.5872080096602446,26537.265120652144,0.0,375.5956029246568,0.0,375.5956029246568,2107.947258441006,2076.568218346038,0.017397772516396515,2.4721058646348314e-06
75,Ampara,PF,5.0,75,52104075011,helped,a,43493.30859375,0.0,3.6021976204629826,0.0,86542.68964664827,263410.1457096851,19650.015738711107,0.0,19650.015738711107,0.0,6455.959428006586,0.0,6455.959428006586,44839.28017473042,0.0,44839.28017473042,1.9533480917833346,1,36346.798828125,0.0,0,0.0,0.006798526605139847,0.09487650828410614,-1,0.0,0.0,True,66.86541964695988,0.09977180830974675,7211.890803887356,0.0,22.81103042194337,0.0,22.81103042194337,158.43194114985917,158.43194114985917,0.0,2.4721058646348314e-06
76,Ampara,PF,5.0,76,52104075021,helped,a,43493.30859375,0.0,3.6021976204629826,0.0,91524.962232987,278574.6980628795,18551.50884468808,0.0,18551.50884468808,0.0,6095.047964448472,0.0,6095.047964448472,47039.206775556544,0.0,47039.206775556544,2.207052760715566,1,36346.798828125,0.0,0,0.0,0.006610894347261547,0.07771322606937156,-1,0.0,0.0,True,30.175070348194726,0.09742937979549726,7627.08018608225,0.0,10.344621336288766,0.0,10.344621336288766,79.83575927388998,79.83575927388998,0.0,2.4721058646348314e-06
77,Ampara,PF,5.0,77,52104075031,helped,a,43493.30859375,0.0,3.6021976204629826,0.0,112328.2915320566,341893.83020781755,45402.79693342456,0.0,45402.79693342456,0.0,14916.96591075795,0.0,14916.96591075795,61603.478713543685,0.0,61603.478713543685,1.028273938084553,1,36346.798828125,0.0,0,0.0,0.005967403695672581,0.23110473579280758,-1,0.0,0.0,True,2279.3062382309154,0.5981505312057394,9360.690961004717,0.0,763.8447039517026,0.0,763.8447039517026,3154.494770709766,3122.829562103793,0.011969095113585126,2.4721058646348314e-06
78,Ampara,PF,5.0,78,52104075041,helped,a,43493.30859375,0.0,2.701648215347238,0.0,105059.57623133021,319770.0279051154,30494.479226275318,0.0,30494.479226275318,0.0,10018.87852309356,0.0,10018.87852309356,55569.215940646565,0.0,55569.215940646565,1.4937240632824098,1,36346.798828125,0.0,0,0.0,0.006170383731441691,0.14152537757800185,-1,0.0,0.0,True,395.20260465910076,0.20355481994001146,8754.964685944184,0.0,133.63402066094397,0.0,133.63402066094397,741.1945093463306,730.3215417075764,0.0059435931381042195,2.4721058646348314e-06
79,Ampara,PF,5.0,79,52104075051,helped,a,43493.30859375,0.0,7.204395240925965,0.0,53600.81345084749,163144.89576061151,14797.812430449238,0.0,14797.812430449238,0.0,4861.7811784255655,0.0,4861.7811784255655,17254.014622722487,0.0,17254.014622722487,1.5940768760180688,2,36346.798828125,0.0,0,0.0,0.008638618704833699,0.04483811013718511,-1,0.0,0.0,True,176.03223198067136,5825.437705021531,4466.734454237291,0.0,59.63883837905082,0.0,59.63883837905082,349.0002056453752,0.0,6.622254248241511,2.4721058646348314e-06
80,Ampara,PF,5.0,80,52104075071,helped,a,43493.30859375,0.0,3.6021976204629826,0.0,70295.60521290696,213958.8645497968,36808.16016299353,0.0,36808.16016299353,0.0,12093.221287538847,0.0,12093.221287538847,33948.80638478196,0.0,33948.80638478196,0.7610021092024517,2,36346.798828125,0.0,0,0.0,0.007543378653956656,0.33245488172197735,-1,0.0,0.17341040462427745,True,4119.021614835622,0.6401917434784252,5857.96710107558,0.0,1373.282726076677,0.0,1373.282726076677,4554.167431241031,4520.450703187932,0.00945619588765112,2.4721058646348314e-06
81,Ampara,PF,5.0,81,52104075081,helped,a,43493.30859375,0.0,3.6021976204629826,0.0,91499.7670136834,278498.01132694556,26137.987078992963,0.0,26137.987078992963,0.0,8587.564832291955,0.0,8587.564832291955,48325.05494404069,0.0,48325.05494404069,1.5202964938216557,1,36346.798828125,0.0,0,0.0,0.006611804466892258,0.13806055220742897,-1,0.0,0.0,True,313.541482876693,0.16682083140911175,7624.9805844736175,0.0,106.0753810911254,0.0,106.0753810911254,596.921096905486,588.0057275146655,0.0049589256394533265,2.4721058646348314e-06
82,Ampara,PF,5.0,82,52104075091,helped,a,43493.30859375,0.0,3.6021976204629826,0.0,96167.64427858661,292705.63805455674,32441.20981195408,0.0,32441.20981195408,0.0,10658.471582230006,0.0,10658.471582230006,51640.616732005125,0.0,51640.616732005125,1.2632742547928604,1,36346.798828125,0.0,0,0.0,0.006449343473240739,0.1777417881455304,-1,0.0,0.0,True,822.0182491383073,0.3118625464834288,8013.970356548884,0.0,276.7262215055087,0.0,276.7262215055087,1340.7469011116934,1324.1624331865735,0.007684041669172359,2.4721058646348314e-06
83,Ampara,PF,5.0,83,52104075101,helped,a,43493.30859375,0.0,6.303845835810221,0.0,61103.83843174395,185981.8668733748,12130.321678326281,0.0,12130.321678326281,0.0,3985.3843195486397,0.0,3985.3843195486397,24757.03960361895,0.0,24757.03960361895,2.325265671347867,2,36346.798828125,0.0,0,0.0,0.008090879801493745,0.07474981009842412,-1,0.0,0.0,True,14.72083035655175,0.09971333782494973,5091.986535978663,0.0,5.0581046390574524,0.0,5.0581046390574524,40.85641258926479,40.85641258926479,0.0,2.4721058646348314e-06
84,Ampara,PF,5.0,84,52105079011,helped,a,43493.30859375,0.0,0.9005494051157459,3000.0,121001.98601080448,359162.8984386599,55557.07193677574,0.0,55557.07193677574,0.0,18253.18981713959,0.0,18253.18981713959,67497.80237497871,0.0,67497.80237497871,0.886378832453225,1,36346.798828125,0.0,0,0.0,0.005749548561385856,0.2760768626570318,-1,0.0,0.0,True,4214.5536585023465,0.8521283517869023,10083.498834233707,0.0,1408.539081773987,0.0,1408.539081773987,5208.578496003655,5163.591239898237,0.014678124232716527,2.4721058646348314e-06
85,Ampara,PF,5.0,85,52105079021,helped,a,43493.30859375,0.0,1.8010988102314913,1500.0,71679.36767253355,213605.0890193965,25969.180439193296,0.0,25969.180439193296,0.0,8532.13605201492,0.0,8532.13605201492,35332.56884440855,0.0,35332.56884440855,1.1825562246988375,2,36346.798828125,0.0,0,0.0,0.0074702117577714056,0.19823470441805954,-1,0.0,0.0,True,839.7195886361928,0.28280696423416884,5973.280639377796,0.0,282.2496440793779,0.0,282.2496440793779,1298.151153948585,1283.1351987847609,0.00651779807458297,2.4721058646348314e-06
86,Ampara,PF,5.0,86,52105079031,helped,a,43493.30859375,0.0,0.9005494051157459,1000.000030517578,118426.92912961752,357412.5741281012,37906.408629190286,0.0,37906.408629190286,0.0,12454.069301226848,0.0,12454.069301226848,63243.885018961264,0.0,63243.885018961264,1.3398741150757054,1,36346.798828125,0.0,0,0.0,0.005811721060114054,0.16431815777774483,-1,0.0,0.0,True,768.6152139300453,0.3244871420216775,9868.91076080146,0.0,259.1331381309564,0.0,259.1331381309564,1315.9139484884813,1298.6326337170642,0.008486167639539133,2.4721058646348314e-06
87,Ampara,PF,5.0,87,52105079041,helped,a,43493.30859375,0.0,4.502747025578729,0.0,74376.5569144563,226380.06484676414,30961.013146265443,0.0,30961.013146265443,0.0,10172.156978403471,0.0,10172.156978403471,38029.758086331305,0.0,38029.758086331305,1.0167847462404247,2,36346.798828125,0.0,0,0.0,0.007333511219318926,0.24206425172455953,-1,0.0,0.0,True,1618.3527097995413,0.41633588207690764,6198.046409538026,0.0,542.224867796331,0.0,542.224867796331,2220.296763849664,2198.261433664442,0.00823695386186074,2.4721058646348314e-06
88,Ampara,PF,5.0,88,52105079051,helped,a,43493.30859375,0.0,3.6021976204629826,0.0,101437.96853380528,308746.9338089718,48521.91848827914,0.0,48521.91848827914,0.0,15941.744846150435,0.0,15941.744846150435,56917.68389969719,0.0,56917.68389969719,0.844483077548651,1,36346.798828125,0.0,0,0.0,0.0062795673698045045,0.2919509169075689,-1,0.0,0.0,True,4158.031382635557,0.7729252378250635,8453.164044483774,0.0,1388.5202260254543,0.0,1388.5202260254543,4957.509737858912,4916.736856476134,0.012679413095511904,2.4721058646348314e-06
89,Ampara,PF,5.0,89,52105079061,helped,a,43493.30859375,0.0,4.502747025578729,0.0,88562.66069045712,269558.3353390057,17479.02057957371,0.0,17479.02057957371,0.0,5742.684850919194,0.0,5742.684850919194,45435.97346697699,0.0,45435.97346697699,2.270910342793696,1,36346.798828125,0.0,0,0.0,0.006720547699471256,0.07400237450131548,-1,0.0,0.0,True,23.61014349105921,0.09899000630212651,7380.22172420476,0.0,8.103997300691494,0.0,8.103997300691494,64.11861627261932,64.11861627261932,0.0,2.4721058646348314e-06
90,Ampara,PF,5.0,90,52105079071,helped,a,43493.30859375,0.0,3.6021976204629826,0.0,102760.33082992432,312771.81039327837,39144.130746153096,0.0,39144.130746153096,0.0,12860.698093177487,0.0,12860.698093177487,55947.06744458877,0.0,55947.06744458877,1.1007108480917183,1,36346.798828125,0.0,0,0.0,0.006239032512030306,0.2123331830392545,-1,0.0,0.0,True,1591.6909901391584,0.4714371692858066,8563.360902493694,0.0,534.1549976913851,0.0,534.1549976913851,2323.700118390739,2298.7080715269717,0.010105159495843452,2.4721058646348314e-06
91,Ampara,PF,5.0,91,52105079091,helped,a,43493.30859375,0.0,4.502747025578729,0.0,97794.88630633907,297658.47764603805,27360.72195718458,0.0,27360.72195718458,0.0,8989.291063445165,0.0,8989.291063445165,51551.31896751735,0.0,51551.31896751735,1.5555886270353303,1,36346.798828125,0.0,0,0.0,0.006395461996676583,0.133644833138044,-1,0.0,0.0,True,296.18079607418724,0.16439477573783812,8149.5738588615895,0.0,100.27018360319082,0.0,100.27018360319082,575.0242351012009,566.232544535725,0.005001959627787045,2.4721058646348314e-06
92,Ampara,PF,5.0,92,52105079101,helped,a,43493.30859375,0.0,4.502747025578729,0.0,204269.3147260458,621734.8937928361,55250.2796787367,0.0,55250.2796787367,0.0,18152.329684359698,0.0,18152.329684359698,107352.97395795232,0.0,107352.97395795232,1.6144831264613828,1,36346.798828125,0.0,0,0.0,0.0044251544125620485,0.12671444714332375,-1,0.0,0.0,True,503.90356127677416,0.2995808502528945,17022.44289383715,0.0,170.78713987968305,0.0,170.78713987968305,1010.0360503949003,993.9965345497226,0.009465697823745955,2.4721058646348314e-06
93,Ampara,PF,5.0,93,52105080021,helped,a,43493.30859375,0.0,3.0393488092211913,0.0,156100.25071455978,475122.62392035616,44355.06857700256,0.0,44355.06857700256,0.0,14572.73759814103,0.0,14572.73759814103,82402.90016818431,0.0,82402.90016818431,1.5292539217313308,1,36346.798828125,0.0,0,0.0,0.005062070570393299,0.1369201545513119,-1,0.0,0.0,True,518.3796304851159,0.2788069699250926,13008.354226213314,0.0,175.40520455649258,0.0,175.40520455649258,991.8450437131603,976.9422516382087,0.00833738604699974,2.4721058646348314e-06
94,Ampara,PF,5.0,94,52105080031,helped,a,43493.30859375,0.0,2.0262325394807945,0.0,257854.53057833834,784832.315113667,57428.29911393527,0.0,57428.29911393527,0.0,18867.912068314272,0.0,18867.912068314272,133407.4869442276,0.0,133407.4869442276,1.9944796667000662,1,36346.798828125,0.0,0,0.0,0.003938606673433383,0.09177901095010227,-1,0.0,0.0,True,173.37746491497722,0.15298751891683615,21487.87754819486,0.0,59.19433730856833,0.0,59.19433730856833,418.5395688231325,410.28844729248203,0.005993628109184357,2.4721058646348314e-06
95,Ampara,PF,5.0,95,52105080041,helped,a,43493.30859375,0.0,7.09181388818278,0.0,117991.63777099803,359131.36770630383,46038.85871867716,0.0,46038.85871867716,0.0,15125.942286853495,0.0,15125.942286853495,64426.58139177844,0.0,64426.58139177844,1.070848419726889,1,36346.798828125,0.0,0,0.0,0.005822431408274671,0.21977518454978565,-1,0.0,0.0,True,2041.9704485921359,0.5758803397555781,9832.636480916502,0.0,684.8699400174736,0.0,684.8699400174736,2917.09621103525,2886.5849349087766,0.012005520099393152,2.4721058646348314e-06
96,Ampara,PF,5.0,96,52105080051,helped,a,43493.30859375,0.0,2.0262325394807945,49.999998092651346,57668.25934297946,175372.80387587321,26791.434505547833,0.0,26791.434505547833,0.0,8802.254286524403,0.0,8802.254286524403,21321.460514854458,0.0,21321.460514854458,0.8941873097939378,2,36346.798828125,0.0,0,0.0,0.00832839997581249,0.28741864110457216,-1,0.0,0.6551059730250479,True,2363.2914054959706,0.4851825619403485,4805.6882785816215,0.0,789.9465587901514,0.0,789.9465587901514,2939.8960434405644,2914.277465480052,0.008431656951991329,2.4721058646348314e-06
97,Ampara,PF,5.0,97,52105080061,helped,a,43493.30859375,0.0,4.052465078961589,0.0,43978.161544766444,133856.4122267218,13562.600120871124,0.0,13562.600120871124,0.0,4455.955520998704,0.0,4455.955520998704,7631.362716641447,0.0,7631.362716641447,1.4424208708483228,2,36346.798828125,0.0,0,0.0,0.009536992927029751,0.004533140825056497,-1,2.813102119460505,0.1926782273603083,True,1268.5549572796358,0.6127782345347583,3664.8467953972036,0.0,428.52604571903436,0.0,428.52604571903436,2309.8835550877975,2277.18408342804,0.017269388967314114,2.4721058646348314e-06
98,Ampara,PF,5.0,98,52105080071,helped,a,43493.30859375,0.0,9.118046427663575,0.0,49828.32154581401,151662.55512097134,22410.335299752605,0.0,22410.335299752605,0.0,7362.854940528234,0.0,7362.854940528234,13481.522717689013,0.0,13481.522717689013,0.9165517418251619,2,36346.798828125,0.0,0,0.0,0.008959666954076136,0.10720714412188749,-1,0.4816955684007708,0.8670520231213865,True,2930.7788574691767,0.6281972945656378,4152.360128817834,0.0,980.0552544172747,0.0,980.0552544172747,3714.125437510441,3680.9411084535172,0.011192475317287176,2.4721058646348314e-06
99,Ampara,PF,5.0,99,52105080081,helped,a,43493.30859375,0.0,7.09181388818278,0.0,58331.51470211651,177543.7399725677,21775.886842527816,0.0,21775.886842527816,0.0,7154.408618984815,0.0,7154.408618984815,21984.715873991507,0.0,21984.715873991507,1.1580893648832127,2,36346.798828125,0.0,0,0.0,0.008280915798245584,0.2108914639510213,-1,0.0,0.3660886319845858,True,850.1495809399341,0.2757681266679306,4860.9595585097095,0.0,285.6169791400271,0.0,285.6169791400271,1292.3822016799434,1277.7468819969688,0.0062226186687652785,2.4721058646348314e-06
