county_id,county_name,tract,population,pcinc
1,Alameda,6001425103,2752,60087
1,Alameda,6001425104,3415,45895
1,Alameda,6001426100,6465,117224
1,Alameda,6001427100,3916,61380
1,Alameda,6001427800,5028,51580
1,Alameda,6001428302,7747,70907
1,Alameda,6001430300,4040,50290
1,Alameda,6001430700,4115,44193
1,Alameda,6001431100,3464,38659
1,Alameda,6001432501,5309,23391
1,Alameda,6001433103,3773,22517
1,Alameda,6001433300,7466,31480
1,Alameda,6001433900,7245,17823
1,Alameda,6001435300,4852,27730
1,Alameda,6001435800,5900,28623
1,Alameda,6001436300,7832,22817
1,Alameda,6001437000,3803,33884
1,Alameda,6001437400,3725,29790
1,Alameda,6001437702,4682,11085
1,Alameda,6001438201,4933,26377
1,Alameda,6001438300,4062,25674
1,Alameda,6001440331,3513,27732
1,Alameda,6001440335,7154,53804
1,Alameda,6001441401,7584,44403
1,Alameda,6001441522,5445,42880
1,Alameda,6001441602,7380,36589
1,Alameda,6001441925,6711,66087
1,Alameda,6001442100,5639,57381
1,Alameda,6001442500,7959,33439
1,Alameda,6001442700,3102,51823
1,Alameda,6001443102,5013,65777
13,Contra Costa,6013359102,5610,35239
13,Contra Costa,6013359104,2085,47834
13,Contra Costa,6013359105,4942,50344
13,Contra Costa,6013360200,5002,34263
13,Contra Costa,6013365003,5214,42692
13,Contra Costa,6013368001,5782,13260
13,Contra Costa,6013371000,5722,30577
13,Contra Costa,6013379000,6634,16345
13,Contra Costa,6013383000,4841,44259
13,Contra Costa,6013387000,2709,42015
1,Alameda,6001443103,4419,75674
1,Alameda,6001443104,6101,54059
1,Alameda,6001443105,4910,62019
1,Alameda,6001443321,3386,45979
1,Alameda,6001444400,5600,28110
1,Alameda,6001450101,4674,64894
1,Alameda,6001450501,3427,52727
1,Alameda,6001451102,4374,71654
1,Alameda,6001451403,2390,37575
1,Alameda,6001451504,1661,51346
1,Alameda,6001451701,3399,38113
1,Alameda,6001982000,74,80035
13,Contra Costa,6013302005,7152,24864
13,Contra Costa,6013302006,4091,37541
13,Contra Costa,6013302010,10846,37092
13,Contra Costa,6013303201,10861,40705
13,Contra Costa,6013303202,7624,40755
13,Contra Costa,6013303204,4507,36650
13,Contra Costa,6013306002,3229,31407
13,Contra Costa,6013307102,5483,23081
13,Contra Costa,6013308002,4563,44523
13,Contra Costa,6013313102,4313,30355
13,Contra Costa,6013313206,6271,18046
13,Contra Costa,6013316000,1584,17510
13,Contra Costa,6013320003,2968,53171
13,Contra Costa,6013323000,4700,48365
13,Contra Costa,6013328000,2433,32714
13,Contra Costa,6013332000,8120,40046
13,Contra Costa,6013334001,4020,31235
13,Contra Costa,6013336101,5227,14801
13,Contra Costa,6013338301,3140,68663
13,Contra Costa,6013345101,6199,58269
13,Contra Costa,6013345102,4241,60049
13,Contra Costa,6013345114,6821,74537
13,Contra Costa,6013346203,4087,51910
13,Contra Costa,6013349000,5099,60397
13,Contra Costa,6013351103,2008,73100
13,Contra Costa,6013355108,13946,36945
13,Contra Costa,6013355115,4840,45900
13,Contra Costa,6013356001,4091,36307
1,Alameda,6001400100,3235,115760
1,Alameda,6001400200,2164,81273
1,Alameda,6001400300,5329,60453
1,Alameda,6001400800,3899,37579
1,Alameda,6001401800,1872,17634
1,Alameda,6001402700,1705,28988
1,Alameda,6001403100,2342,33104
1,Alameda,6001403502,2172,55588
1,Alameda,6001403900,3912,55898
1,Alameda,6001404501,1838,89478
1,Alameda,6001404700,2137,71426
1,Alameda,6001405301,2841,44338
1,Alameda,6001405700,3569,27432
1,Alameda,6001406201,5096,13704
1,Alameda,6001406601,5045,23386
1,Alameda,6001407000,6398,23049
1,Alameda,6001407400,4290,13784
1,Alameda,6001408000,2891,81490
1,Alameda,6001408500,5428,15072
1,Alameda,6001409100,2475,19637
1,Alameda,6001409400,4690,15677
1,Alameda,6001410100,2635,32438
1,Alameda,6001410500,2407,19297
1,Alameda,6001420500,2502,45400
1,Alameda,6001421400,1755,75533
1,Alameda,6001421700,3492,59836
1,Alameda,6001422100,2944,30364
1,Alameda,6001422500,4893,35712
1,Alameda,6001423500,3368,44480
1,Alameda,6001423800,3221,101702
1,Alameda,6001425102,3081,64122
41,Marin,6041101200,2813,45463
41,Marin,6041103200,6715,50802
41,Marin,6041108100,6711,60660
41,Marin,6041112100,4464,47460
41,Marin,6041116000,3189,54266
41,Marin,6041121100,5348,78455
41,Marin,6041125000,4441,81400
41,Marin,6041129000,2454,31104
41,Marin,6041131100,1071,101867
41,Marin,6041132200,1859,52645
41,Marin,6041133000,3365,52769
55,Napa,6055200504,6689,28111
55,Napa,6055200705,2883,39824
55,Napa,6055200804,5835,17682
55,Napa,6055201006,3401,36123
55,Napa,6055201007,4297,27864
55,Napa,6055201101,2080,65493
55,Napa,6055201300,3066,60198
55,Napa,6055201403,845,68288
55,Napa,6055201800,1899,44216
75,San Francisco,6075010100,4075,49375
75,San Francisco,6075010200,4471,98791
75,San Francisco,6075010300,4119,71802
75,San Francisco,6075010400,4872,78716
75,San Francisco,6075010800,4987,72161
75,San Francisco,6075011200,3498,106579
75,San Francisco,6075011800,1632,24511
75,San Francisco,6075012100,4035,42445
75,San Francisco,6075012502,4082,15280
75,San Francisco,6075012800,4446,96242
75,San Francisco,6075013102,2831,126451
75,San Francisco,6075013500,2749,109347
75,San Francisco,6075015802,3222,49410
75,San Francisco,6075016200,2759,46695
75,San Francisco,6075016801,3464,62542
75,San Francisco,6075017101,3824,99394
75,San Francisco,6075017801,3767,50913
75,San Francisco,6075020100,6693,38110
75,San Francisco,6075020500,2786,81185
75,San Francisco,6075021100,4133,92521
75,San Francisco,6075021600,4121,75912
75,San Francisco,6075022702,2234,107782
75,San Francisco,6075022803,4981,36704
75,San Francisco,6075023001,5531,21803
75,San Francisco,6075023400,3986,20987
75,San Francisco,6075025401,3668,45506
75,San Francisco,6075025702,5003,25533
75,San Francisco,6075026002,3814,33012
75,San Francisco,6075026303,4950,31984
75,San Francisco,6075026403,4474,17598
75,San Francisco,6075030202,4678,55879
75,San Francisco,6075030600,2418,80981
75,San Francisco,6075031201,6697,31232
75,San Francisco,6075032601,4806,43894
75,San Francisco,6075032801,4588,37463
81,San Mateo,6081600401,3490,46156
81,San Mateo,6081600800,7232,29967
81,San Mateo,6081601605,6663,35210
81,San Mateo,6081602100,3873,17528
81,San Mateo,6081602500,5476,45138
81,San Mateo,6081603700,5832,45748
81,San Mateo,6081603801,2384,45321
81,San Mateo,6081604000,3393,45129
81,San Mateo,6081604500,3665,49997
81,San Mateo,6081605100,3224,60502
75,San Francisco,6075032802,4411,37801
75,San Francisco,6075032901,5457,41075
75,San Francisco,6075032902,4173,48638
75,San Francisco,6075033000,8427,53863
75,San Francisco,6075033203,3783,31192
75,San Francisco,6075035202,4673,41306
75,San Francisco,6075042601,4018,56630
75,San Francisco,6075045100,5424,52069
75,San Francisco,6075047701,4720,42238
75,San Francisco,6075047902,3805,50488
75,San Francisco,6075061000,3889,44448
75,San Francisco,6075980401,0,0
85,Santa Clara,6085508404,6507,70116
85,Santa Clara,6085508503,6943,56269
85,Santa Clara,6085508504,8349,53208
85,Santa Clara,6085508505,4763,67452
85,Santa Clara,6085508800,4096,46433
85,Santa Clara,6085509000,8001,40755
85,Santa Clara,6085509201,4970,64314
85,Santa Clara,6085509403,5532,36433
85,Santa Clara,6085509700,3395,76233
85,Santa Clara,6085510002,3784,85945
85,Santa Clara,6085510802,1991,83074
85,Santa Clara,6085511000,6905,70191
85,Santa Clara,6085511400,3905,104123
85,Santa Clara,6085511702,2921,111309
85,Santa Clara,6085511707,3268,91080
85,Santa Clara,6085511912,5913,61872
85,Santa Clara,6085512005,7256,48313
85,Santa Clara,6085512020,7447,40537
85,Santa Clara,6085512026,4169,35202
85,Santa Clara,6085512034,3364,42246
85,Santa Clara,6085512036,4866,55250
85,Santa Clara,6085512043,6610,13090
85,Santa Clara,6085512200,4369,59850
85,Santa Clara,6085512309,5418,55513
85,Santa Clara,6085512312,3154,59747
85,Santa Clara,6085512505,7882,37259
85,Santa Clara,6085512508,8650,32758
85,Santa Clara,6085512604,4874,15319
85,Santa Clara,6085513500,1235,38402
81,San Mateo,6081605400,6578,50925
81,San Mateo,6081605500,5296,57046
81,San Mateo,6081605600,5913,128809
81,San Mateo,6081606000,5253,42702
81,San Mateo,6081606600,3948,59488
81,San Mateo,6081607100,3053,70440
81,San Mateo,6081607600,3542,50016
81,San Mateo,6081608001,3612,62181
81,San Mateo,6081608100,3685,63539
81,San Mateo,6081608200,3892,57879
81,San Mateo,6081608502,2793,55638
81,San Mateo,6081609201,3757,70255
81,San Mateo,6081609300,3522,70194
81,San Mateo,6081609602,1789,77121
81,San Mateo,6081610100,2679,40696
81,San Mateo,6081610601,6696,21355
81,San Mateo,6081611200,3202,59510
81,San Mateo,6081611600,2396,79892
81,San Mateo,6081612100,7512,28014
81,San Mateo,6081613800,4305,63422
81,San Mateo,6081613900,6417,80184
81,San Mateo,6081614000,5880,47396
85,Santa Clara,6085500100,6894,35397
85,Santa Clara,6085500400,2558,51649
85,Santa Clara,6085500901,4042,40289
85,Santa Clara,6085500902,4698,10958
85,Santa Clara,6085501502,4946,21448
85,Santa Clara,6085502101,5181,54817
85,Santa Clara,6085502500,6686,70716
85,Santa Clara,6085502800,4407,45813
85,Santa Clara,6085502907,4190,51559
85,Santa Clara,6085503003,5476,51659
85,Santa Clara,6085503110,4970,14235
85,Santa Clara,6085503116,5611,50050
85,Santa Clara,6085503123,3863,26834
85,Santa Clara,6085503211,5153,34638
85,Santa Clara,6085503218,4718,15653
85,Santa Clara,6085503315,8064,27015
85,Santa Clara,6085503323,4996,35957
85,Santa Clara,6085503329,3760,51248
85,Santa Clara,6085503336,3799,29998
85,Santa Clara,6085503504,7021,16477
85,Santa Clara,6085503507,2368,17679
85,Santa Clara,6085503601,3232,24530
85,Santa Clara,6085503602,5108,16233
85,Santa Clara,6085503703,4589,16755
85,Santa Clara,6085503708,2960,22991
85,Santa Clara,6085503712,4411,26111
85,Santa Clara,6085503903,3568,19300
85,Santa Clara,6085504307,6028,41224
85,Santa Clara,6085504316,5243,33299
85,Santa Clara,6085504320,3146,39907
85,Santa Clara,6085504410,4801,29728
85,Santa Clara,6085504413,1852,56294
85,Santa Clara,6085504418,5240,26552
85,Santa Clara,6085504422,3955,31819
85,Santa Clara,6085504700,784,29147
85,Santa Clara,6085504806,3183,38444
85,Santa Clara,6085505203,5058,50751
85,Santa Clara,6085505302,4337,49928
85,Santa Clara,6085505401,6389,58092
85,Santa Clara,6085506000,5010,53309
85,Santa Clara,6085506103,5099,53481
85,Santa Clara,6085506301,5752,38256
85,Santa Clara,6085506501,8322,29002
85,Santa Clara,6085506803,7403,54552
85,Santa Clara,6085507203,2851,65597
85,Santa Clara,6085507500,6267,77368
85,Santa Clara,6085507806,6366,59301
85,Santa Clara,6085507807,3455,55390
85,Santa Clara,6085507906,4830,58708
85,Santa Clara,6085508101,7264,58949
85,Santa Clara,6085508303,2765,57673
85,Santa Clara,6085508403,3045,75038
95,Solano,6095250601,5027,29138
95,Solano,6095251000,2647,27860
95,Solano,6095251500,3809,21984
95,Solano,6095251702,2760,28993
95,Solano,6095251902,6235,22872
95,Solano,6095252105,3484,53703
95,Solano,6095252306,3505,40767
95,Solano,6095252312,3551,31723
95,Solano,6095252316,3670,34625
95,Solano,6095252317,7291,39922
95,Solano,6095252502,2283,18312
95,Solano,6095252608,4043,18576
95,Solano,6095252704,5394,25169
95,Solano,6095252802,1281,25058
95,Solano,6095252910,5905,39488
95,Solano,6095253000,6968,0
95,Solano,6095253203,4395,33103
95,Solano,6095253402,7328,29717
97,Sonoma,6097150204,3822,63572
97,Sonoma,6097150601,4295,33252
97,Sonoma,6097150609,4624,41409
97,Sonoma,6097150901,5087,36180
97,Sonoma,6097151310,6385,23888
97,Sonoma,6097151504,3715,45130
97,Sonoma,6097151900,3302,27465
97,Sonoma,6097152502,3773,38365
97,Sonoma,6097152903,5361,20335
97,Sonoma,6097153006,7620,28151
97,Sonoma,6097153404,4193,51334
97,Sonoma,6097153804,3376,40947
97,Sonoma,6097153806,3424,38832
97,Sonoma,6097153903,3941,39704
97,Sonoma,6097154000,2693,51767
97,Sonoma,6097154303,1810,50795
97,Sonoma,6097154304,2521,47445
1,Alameda,6001433700,3467,24312
1,Alameda,6001433800,8078,29141
1,Alameda,6001434000,5334,21668
1,Alameda,6001435102,5518,50920
1,Alameda,6001435103,7036,61894
1,Alameda,6001435104,5650,28236
1,Alameda,6001435200,4516,42586
1,Alameda,6001435400,4838,36542
1,Alameda,6001435500,4099,23696
1,Alameda,6001435601,5383,20812
1,Alameda,6001435602,5737,26132
1,Alameda,6001435700,5005,31240
1,Alameda,6001435900,5561,33755
1,Alameda,6001436000,5004,32532
1,Alameda,6001436100,5700,29094
1,Alameda,6001436200,4195,19598
1,Alameda,6001436401,7717,45194
1,Alameda,6001426200,5185,85817
1,Alameda,6001427200,4489,40792
1,Alameda,6001427300,5362,47580
1,Alameda,6001427600,5131,25258
1,Alameda,6001427700,5336,43308
1,Alameda,6001427900,4929,54653
1,Alameda,6001428000,3196,39357
1,Alameda,6001428100,5096,43374
1,Alameda,6001428200,6847,52298
1,Alameda,6001428301,7086,53511
1,Alameda,6001428400,4706,43569
1,Alameda,6001428500,3460,44683
1,Alameda,6001428600,3554,51578
1,Alameda,6001428700,4458,44578
1,Alameda,6001430101,7121,57225
1,Alameda,6001430102,2494,58653
1,Alameda,6001430200,7553,51959
1,Alameda,6001430400,2203,62724
1,Alameda,6001430500,6557,36486
1,Alameda,6001430600,6475,53090
1,Alameda,6001430800,5935,42759
1,Alameda,6001430900,5130,35630
1,Alameda,6001431000,2937,33266
1,Alameda,6001431200,6128,34373
1,Alameda,6001432100,4145,45557
1,Alameda,6001432200,4456,40694
1,Alameda,6001432300,5100,36900
1,Alameda,6001432400,6341,27465
1,Alameda,6001432502,4920,31009
1,Alameda,6001432600,7481,31882
1,Alameda,6001432700,2721,46002
1,Alameda,6001432800,4095,44201
1,Alameda,6001433000,4179,35277
1,Alameda,6001433102,4332,30800
1,Alameda,6001433104,4110,36293
1,Alameda,6001433200,7551,35554
1,Alameda,6001433400,6918,36492
1,Alameda,6001433500,4776,36487
1,Alameda,6001433600,6581,29632
1,Alameda,6001407900,2955,55930
1,Alameda,6001408100,6574,72722
1,Alameda,6001408200,4454,30730
1,Alameda,6001408300,4556,41817
1,Alameda,6001408400,3660,16572
1,Alameda,6001408600,6031,18236
1,Alameda,6001408700,7896,18735
1,Alameda,6001408800,6097,10130
1,Alameda,6001408900,3686,10284
1,Alameda,6001409000,3841,15463
1,Alameda,6001409200,3429,13964
1,Alameda,6001409300,5757,13872
1,Alameda,6001409500,3390,14219
1,Alameda,6001409600,5528,13850
1,Alameda,6001409700,5124,15777
1,Alameda,6001409800,3131,37012
1,Alameda,6001409900,3617,64985
1,Alameda,6001410000,3073,48455
1,Alameda,6001410200,3331,28352
1,Alameda,6001410300,3797,12718
1,Alameda,6001410400,4105,30554
1,Alameda,6001420100,2566,63497
1,Alameda,6001420200,3161,46368
1,Alameda,6001420300,4972,56555
1,Alameda,6001436402,2879,66754
1,Alameda,6001436500,5049,27179
1,Alameda,6001436601,6607,19641
1,Alameda,6001436700,3542,25520
1,Alameda,6001436800,4418,31898
1,Alameda,6001436900,7332,19123
1,Alameda,6001437101,7101,37437
1,Alameda,6001437102,4647,29464
1,Alameda,6001437200,7348,37490
1,Alameda,6001437300,3379,22352
1,Alameda,6001437500,4908,17311
1,Alameda,6001437600,3490,24689
1,Alameda,6001437701,4017,17696
1,Alameda,6001437800,4983,29388
1,Alameda,6001437900,2572,21597
1,Alameda,6001438000,3576,33884
1,Alameda,6001438100,8414,32748
1,Alameda,6001438203,4283,35422
1,Alameda,6001438204,5909,34202
1,Alameda,6001438400,2531,32619
1,Alameda,6001440100,2538,38915
1,Alameda,6001440200,6577,19789
1,Alameda,6001440301,8026,28266
1,Alameda,6001440305,4260,38315
1,Alameda,6001420400,3436,23996
1,Alameda,6001420600,3615,53309
1,Alameda,6001421100,2178,100105
1,Alameda,6001421200,3826,96782
1,Alameda,6001421300,4167,78528
1,Alameda,6001421500,4004,88378
1,Alameda,6001421600,3910,86327
1,Alameda,6001421800,2186,56442
1,Alameda,6001421900,3945,62248
1,Alameda,6001422000,1899,43642
1,Alameda,6001422200,3395,45475
1,Alameda,6001422300,3693,46054
1,Alameda,6001422400,4553,43855
1,Alameda,6001422600,1197,14452
1,Alameda,6001422700,5129,30125
1,Alameda,6001422800,8531,17251
1,Alameda,6001422900,4661,28901
1,Alameda,6001423100,4304,41674
1,Alameda,6001423200,3021,31418
1,Alameda,6001423300,3899,38312
1,Alameda,6001423400,5044,36623
1,Alameda,6001423601,2902,56207
1,Alameda,6001423602,6137,31455
1,Alameda,6001423700,3929,45482
1,Alameda,6001423901,2200,39249
1,Alameda,6001423902,1705,62250
1,Alameda,6001424001,4064,26257
1,Alameda,6001424002,2393,26367
1,Alameda,6001440306,4225,31701
1,Alameda,6001440307,4641,33842
1,Alameda,6001440308,6444,32602
1,Alameda,6001440332,3634,52589
1,Alameda,6001440333,3128,38507
1,Alameda,6001440334,4409,36266
1,Alameda,6001440336,4894,29326
1,Alameda,6001441100,4685,47143
1,Alameda,6001441200,7463,45962
1,Alameda,6001441301,3422,62721
1,Alameda,6001441302,6099,45831
1,Alameda,6001441402,5633,47086
1,Alameda,6001441501,6661,50886
1,Alameda,6001441503,5852,59875
1,Alameda,6001441521,6439,48867
1,Alameda,6001441523,4440,46954
1,Alameda,6001441524,4403,55218
1,Alameda,6001441601,5016,40138
1,Alameda,6001441700,8121,41938
1,Alameda,6001441800,7316,40130
1,Alameda,6001441921,3968,41691
1,Alameda,6001441923,6124,34888
1,Alameda,6001441924,7887,44699
1,Alameda,6001425101,1718,89629
1,Alameda,6001441926,4477,27329
1,Alameda,6001441927,4507,43062
1,Alameda,6001442000,3527,67630
1,Alameda,6001442200,7452,58025
1,Alameda,6001442301,4815,33361
1,Alameda,6001442302,5263,39740
1,Alameda,6001442400,6786,38322
1,Alameda,6001442601,4153,43978
1,Alameda,6001442602,5565,37620
1,Alameda,6001442800,3098,32699
1,Alameda,6001442900,7815,40259
1,Alameda,6001443001,3204,30250
1,Alameda,6001443002,6470,32290
13,Contra Costa,6013359103,5502,49352
13,Contra Costa,6013359202,6683,44655
13,Contra Costa,6013359203,7299,39858
13,Contra Costa,6013359204,5106,46121
13,Contra Costa,6013360101,4923,47595
13,Contra Costa,6013360102,4672,67993
13,Contra Costa,6013361000,4871,39635
13,Contra Costa,6013362000,2995,44109
13,Contra Costa,6013363000,7587,35430
13,Contra Costa,6013365002,5799,19448
13,Contra Costa,6013366001,4686,23272
13,Contra Costa,6013366002,6525,18789
13,Contra Costa,6013367100,5435,29317
13,Contra Costa,6013367200,5625,21426
13,Contra Costa,6013368002,3650,14826
13,Contra Costa,6013369001,6691,20996
13,Contra Costa,6013369002,2760,31873
13,Contra Costa,6013370000,3086,43443
13,Contra Costa,6013372000,7922,23336
13,Contra Costa,6013373000,4677,13581
13,Contra Costa,6013374000,4867,23543
13,Contra Costa,6013375000,4650,14529
13,Contra Costa,6013376000,6484,12776
13,Contra Costa,6013377000,7573,18240
13,Contra Costa,6013378000,3741,70361
13,Contra Costa,6013380000,6171,50255
13,Contra Costa,6013381000,6498,26874
13,Contra Costa,6013382000,7443,19557
13,Contra Costa,6013384000,4177,62550
13,Contra Costa,6013385100,3011,67908
13,Contra Costa,6013301000,3980,39306
13,Contra Costa,6013302007,6910,28724
13,Contra Costa,6013302008,8391,30646
13,Contra Costa,6013302009,6141,35770
13,Contra Costa,6013303102,8300,37904
13,Contra Costa,6013303103,11685,30053
13,Contra Costa,6013303203,9161,41926
13,Contra Costa,6013303205,8944,43751
13,Contra Costa,6013304001,4045,42893
13,Contra Costa,6013304002,1548,31205
13,Contra Costa,6013304003,3721,55745
13,Contra Costa,6013364002,5998,28334
13,Contra Costa,6013385200,1394,63885
13,Contra Costa,6013386000,3585,30403
13,Contra Costa,6013388000,2722,54146
13,Contra Costa,6013389100,2177,45831
13,Contra Costa,6013390100,2422,54423
13,Contra Costa,6013390200,1851,72511
13,Contra Costa,6013391000,2776,71587
13,Contra Costa,6013392000,2649,85608
13,Contra Costa,6013392200,11352,37061
13,Contra Costa,6013392300,3362,44109
13,Contra Costa,6013304004,4065,89062
13,Contra Costa,6013304005,7336,37552
13,Contra Costa,6013305000,7177,21623
13,Contra Costa,6013306003,5265,24808
13,Contra Costa,6013306004,3615,25061
13,Contra Costa,6013307101,4512,33183
13,Contra Costa,6013307201,3762,18170
13,Contra Costa,6013307202,4252,17010
13,Contra Costa,6013307204,4605,21165
13,Contra Costa,6013307205,7123,25862
13,Contra Costa,6013308001,7845,26934
13,Contra Costa,6013309000,3015,33850
13,Contra Costa,6013310000,6117,21751
13,Contra Costa,6013311000,5438,18054
13,Contra Costa,6013312000,2496,21749
13,Contra Costa,6013313101,7870,25625
13,Contra Costa,6013313103,8407,41067
13,Contra Costa,6013313203,3502,26307
13,Contra Costa,6013313204,6024,30115
13,Contra Costa,6013313205,1879,39966
13,Contra Costa,6013314102,6445,17869
13,Contra Costa,6013314103,6032,17356
13,Contra Costa,6013314104,7745,20010
13,Contra Costa,6013314200,7058,15697
13,Contra Costa,6013315000,3566,48172
13,Contra Costa,6013317000,2300,39348
13,Contra Costa,6013318000,3553,42668
13,Contra Costa,6013319000,8021,38004
13,Contra Costa,6013320001,3940,27102
13,Contra Costa,6013320004,6690,52360
13,Contra Costa,6013321101,7054,49942
13,Contra Costa,6013321102,7285,55660
13,Contra Costa,6013321103,4835,47392
13,Contra Costa,6013321200,5973,33204
13,Contra Costa,6013322000,6531,60238
13,Contra Costa,6013324001,5002,48814
13,Contra Costa,6013324002,5488,49214
13,Contra Costa,6013325000,5935,48511
13,Contra Costa,6013326000,3722,55810
13,Contra Costa,6013327000,7285,27795
13,Contra Costa,6013329000,6779,34772
13,Contra Costa,6013330000,5753,41745
13,Contra Costa,6013331000,7575,39766
13,Contra Costa,6013333101,4399,39080
13,Contra Costa,6013333102,4190,45974
13,Contra Costa,6013333200,6355,42487
13,Contra Costa,6013334004,7994,47376
13,Contra Costa,6013334006,5146,51502
13,Contra Costa,6013334200,7244,68637
13,Contra Costa,6013335000,3617,36456
13,Contra Costa,6013336102,8157,17971
13,Contra Costa,6013336201,4344,23642
13,Contra Costa,6013336202,6198,13152
13,Contra Costa,6013337100,3434,51239
13,Contra Costa,6013337200,7770,38359
13,Contra Costa,6013338101,5325,25743
13,Contra Costa,6013338102,3903,57125
13,Contra Costa,6013338201,4005,55752
13,Contra Costa,6013338203,4967,64988
13,Contra Costa,6013338204,6152,66954
13,Contra Costa,6013338302,6281,73221
13,Contra Costa,6013339001,3604,42559
13,Contra Costa,6013339002,5934,64237
13,Contra Costa,6013340001,6258,54225
13,Contra Costa,6013340002,7448,65557
13,Contra Costa,6013341000,5292,61427
13,Contra Costa,6013343001,5190,49126
13,Contra Costa,6013343002,4691,65527
13,Contra Costa,6013343003,4187,73818
13,Contra Costa,6013345103,5444,56614
13,Contra Costa,6013345105,6728,60332
13,Contra Costa,6013345108,7986,77604
13,Contra Costa,6013345111,5486,57772
13,Contra Costa,6013345112,7074,58015
13,Contra Costa,6013345113,4719,73666
13,Contra Costa,6013345115,6181,63465
13,Contra Costa,6013345116,3020,59575
13,Contra Costa,6013345202,8442,62148
13,Contra Costa,6013345203,6976,78531
13,Contra Costa,6013345204,3901,79525
13,Contra Costa,6013346101,3739,79272
13,Contra Costa,6013346102,6074,91820
13,Contra Costa,6013346201,7793,97405
13,Contra Costa,6013346204,7696,79643
13,Contra Costa,6013347000,6672,90937
13,Contra Costa,6013348000,4907,77522
13,Contra Costa,6013350000,5955,78122
13,Contra Costa,6013351101,2800,62949
13,Contra Costa,6013351102,3903,53916
13,Contra Costa,6013351200,6243,75186
13,Contra Costa,6013352101,3361,57524
13,Contra Costa,6013352102,6047,76744
13,Contra Costa,6013352201,6242,69794
13,Contra Costa,6013352202,2767,66674
13,Contra Costa,6013353001,3828,91330
13,Contra Costa,6013353002,4438,86800
13,Contra Costa,6013354001,2013,82187
13,Contra Costa,6013354002,7166,87125
1,Alameda,6001443200,4023,71338
1,Alameda,6001443301,4482,53961
1,Alameda,6001443322,3287,56730
1,Alameda,6001444100,7984,38373
1,Alameda,6001444200,7069,31403
1,Alameda,6001444301,4232,39285
1,Alameda,6001444302,4757,29896
1,Alameda,6001444500,7305,29972
1,Alameda,6001444601,5204,33097
1,Alameda,6001444602,4419,52165
1,Alameda,6001450102,9613,27438
1,Alameda,6001450200,4394,53711
1,Alameda,6001450300,4957,42971
1,Alameda,6001450400,6492,43644
1,Alameda,6001450502,4600,69493
13,Contra Costa,6013355107,5500,34011
13,Contra Costa,6013355109,6975,39239
13,Contra Costa,6013355110,4568,34512
13,Contra Costa,6013355111,6823,37604
13,Contra Costa,6013355112,6049,85424
13,Contra Costa,6013355113,5359,65709
13,Contra Costa,6013355114,11795,63529
13,Contra Costa,6013355116,6017,67884
13,Contra Costa,6013355117,9126,49485
13,Contra Costa,6013355200,8110,34915
13,Contra Costa,6013355301,8463,54072
13,Contra Costa,6013355302,3746,75240
1,Alameda,6001450602,9557,63630
1,Alameda,6001450603,5008,49694
1,Alameda,6001450605,4032,58841
1,Alameda,6001450606,6250,63236
1,Alameda,6001450607,5671,51056
1,Alameda,6001450701,8710,82210
1,Alameda,6001450741,5234,56478
1,Alameda,6001450742,4997,55537
1,Alameda,6001450744,5322,52466
1,Alameda,6001450745,6560,55325
1,Alameda,6001450746,3442,55351
1,Alameda,6001450750,3987,55001
1,Alameda,6001450751,2268,74232
1,Alameda,6001450752,5798,62414
13,Contra Costa,6013355304,8450,58460
13,Contra Costa,6013355306,5324,57684
13,Contra Costa,6013356002,5844,57984
13,Contra Costa,6013357000,3287,55895
13,Contra Costa,6013358000,5761,27699
1,Alameda,6001400400,4056,61903
1,Alameda,6001400500,3846,42313
1,Alameda,6001400600,1711,36529
1,Alameda,6001400700,4579,30537
1,Alameda,6001400900,2470,31927
1,Alameda,6001401000,6215,25147
1,Alameda,6001401100,4538,37176
1,Alameda,6001401200,2651,54720
1,Alameda,6001401300,3772,35029
1,Alameda,6001401500,2821,29584
1,Alameda,6001401600,2376,21581
1,Alameda,6001450601,3615,86662
1,Alameda,6001451101,7774,63460
1,Alameda,6001451201,7169,47472
1,Alameda,6001451202,3927,51764
1,Alameda,6001451300,7227,52251
1,Alameda,6001451401,6376,50881
1,Alameda,6001451404,7216,32883
1,Alameda,6001451501,5070,53319
1,Alameda,6001451503,6171,42293
1,Alameda,6001451505,3619,52411
1,Alameda,6001451506,3423,38551
1,Alameda,6001451601,5006,65238
1,Alameda,6001451602,6818,53341
1,Alameda,6001451703,4178,55286
1,Alameda,6001451704,4786,49472
1,Alameda,6001981900,40,42169
1,Alameda,6001983200,587,103010
1,Alameda,6001401700,2925,36928
1,Alameda,6001402200,2621,24820
1,Alameda,6001402400,2586,17482
1,Alameda,6001402500,1951,19487
1,Alameda,6001402600,1270,28109
1,Alameda,6001402800,3595,31403
1,Alameda,6001402900,1527,23628
1,Alameda,6001403000,3007,21282
1,Alameda,6001403300,4379,43142
1,Alameda,6001403400,4504,52722
1,Alameda,6001403501,4746,35324
1,Alameda,6001403600,4886,52578
1,Alameda,6001403701,2821,53794
1,Alameda,6001403702,1898,72083
1,Alameda,6001403800,3790,76722
1,Alameda,6001404000,3047,52038
1,Alameda,6001404101,3219,60810
1,Alameda,6001404102,2500,61011
1,Alameda,6001404200,3776,90063
1,Alameda,6001404300,3530,111761
1,Alameda,6001404400,5803,80778
1,Alameda,6001404502,6254,72699
1,Alameda,6001404600,4745,92343
1,Alameda,6001404800,2953,53278
1,Alameda,6001404900,4532,55557
1,Alameda,6001405000,3445,84245
1,Alameda,6001405100,4620,98641
1,Alameda,6001405200,5055,49630
1,Alameda,6001405302,2773,31553
1,Alameda,6001405401,4347,21679
1,Alameda,6001405402,3420,16933
1,Alameda,6001405500,3997,26067
1,Alameda,6001405600,3451,27918
1,Alameda,6001405800,4353,19393
1,Alameda,6001405901,4297,13558
1,Alameda,6001405902,3321,17427
1,Alameda,6001406000,3794,29661
1,Alameda,6001406100,4783,26173
1,Alameda,6001406202,5072,15029
1,Alameda,6001406300,4477,18984
1,Alameda,6001406400,2293,33375
1,Alameda,6001406500,6518,19076
1,Alameda,6001406602,2745,33742
1,Alameda,6001406700,5538,57773
1,Alameda,6001406800,3736,46407
1,Alameda,6001406900,4096,52328
1,Alameda,6001407101,3757,14377
1,Alameda,6001407102,4740,17309
1,Alameda,6001407200,7259,14005
1,Alameda,6001407300,2811,17612
1,Alameda,6001407500,4256,12523
1,Alameda,6001407600,6498,26908
1,Alameda,6001407700,4471,44822
1,Alameda,6001407800,2580,30930
55,Napa,6055200201,3660,28316
55,Napa,6055200202,3002,31654
55,Napa,6055200301,5374,26036
55,Napa,6055200302,2648,30332
55,Napa,6055200400,3780,56205
55,Napa,6055200501,5243,29243
55,Napa,6055200503,1842,20922
55,Napa,6055200505,2598,39905
55,Napa,6055200601,5199,34725
55,Napa,6055200602,4675,46493
55,Napa,6055200703,3193,58778
55,Napa,6055200704,4762,29830
55,Napa,6055200706,3452,47681
55,Napa,6055200707,3332,46319
55,Napa,6055200802,5748,42012
55,Napa,6055200803,2236,35699
55,Napa,6055200900,1261,1956
55,Napa,6055201003,4638,38946
55,Napa,6055201004,6394,35168
55,Napa,6055201005,2544,41680
55,Napa,6055201102,2142,54279
55,Napa,6055201200,4934,41092
55,Napa,6055201401,3227,83531
55,Napa,6055201402,3021,75138
55,Napa,6055201500,1970,102514
55,Napa,6055201601,2417,41347
55,Napa,6055201602,3722,68716
55,Napa,6055201700,5641,47890
55,Napa,6055201900,1360,58952
55,Napa,6055202000,5450,37706
41,Marin,6041101100,2657,82364
41,Marin,6041102100,2339,69390
41,Marin,6041102202,6110,43530
41,Marin,6041102203,4939,40291
41,Marin,6041103100,7454,54422
41,Marin,6041104101,8154,58135
41,Marin,6041104102,5321,43700
41,Marin,6041104200,5999,59067
41,Marin,6041104300,1601,64922
41,Marin,6041105000,6895,38721
41,Marin,6041106001,4144,56649
41,Marin,6041106002,5823,42569
41,Marin,6041107000,6424,69297
41,Marin,6041108200,7138,63557
41,Marin,6041109001,4039,47831
41,Marin,6041109002,4156,63198
41,Marin,6041110100,6023,71679
41,Marin,6041110200,5563,90314
41,Marin,6041111000,6042,51131
41,Marin,6041112201,8134,11551
41,Marin,6041112202,4314,27937
41,Marin,6041113000,3805,56944
41,Marin,6041114100,5384,69091
41,Marin,6041114200,3238,46425
41,Marin,6041115000,7596,77581
41,Marin,6041117000,4746,54958
41,Marin,6041118100,2520,81279
41,Marin,6041119100,4819,108870
41,Marin,6041119201,3413,66119
41,Marin,6041119202,3512,94828
41,Marin,6041120000,6309,92688
41,Marin,6041121200,5868,63124
41,Marin,6041122000,4480,0
41,Marin,6041123000,2165,130758
41,Marin,6041124100,5709,103598
41,Marin,6041124200,5901,100325
41,Marin,6041126100,6092,84153
41,Marin,6041126200,4448,71867
41,Marin,6041127000,4794,99136
41,Marin,6041128200,4795,70683
41,Marin,6041130201,3348,134147
41,Marin,6041130202,4666,79791
41,Marin,6041132100,2358,43726
41,Marin,6041128100,6812,73110
75,San Francisco,6075010500,2896,99822
75,San Francisco,6075010600,4217,38295
75,San Francisco,6075010700,5990,24846
75,San Francisco,6075010900,4620,111187
75,San Francisco,6075011000,5228,56790
75,San Francisco,6075011100,5603,54329
75,San Francisco,6075011300,3346,28602
75,San Francisco,6075011700,1893,52856
75,San Francisco,6075011901,2557,70205
75,San Francisco,6075011902,2829,68210
75,San Francisco,6075012000,4047,47038
75,San Francisco,6075012201,4966,29851
75,San Francisco,6075012202,3163,31321
75,San Francisco,6075012301,2903,16097
75,San Francisco,6075012401,5437,16377
75,San Francisco,6075012402,4253,31575
75,San Francisco,6075012501,5571,31300
75,San Francisco,6075012601,2498,91850
75,San Francisco,6075012602,3161,120952
75,San Francisco,6075012700,3772,106516
75,San Francisco,6075012901,2728,103788
75,San Francisco,6075012902,3641,90986
75,San Francisco,6075013000,4378,88123
75,San Francisco,6075013101,4143,116284
75,San Francisco,6075013200,4523,163985
75,San Francisco,6075013300,4575,123731
75,San Francisco,6075013400,3894,108740
75,San Francisco,6075015100,2698,83034
75,San Francisco,6075015200,4243,83045
75,San Francisco,6075015300,2194,78689
75,San Francisco,6075015400,6062,80104
75,San Francisco,6075015600,2961,71996
75,San Francisco,6075015700,8211,49200
75,San Francisco,6075015801,3896,42180
75,San Francisco,6075015900,4700,40050
75,San Francisco,6075016000,2637,61461
75,San Francisco,6075016100,5800,26171
75,San Francisco,6075016300,4618,57208
75,San Francisco,6075016400,4006,63512
75,San Francisco,6075016500,5454,62113
75,San Francisco,6075016600,5511,64120
75,San Francisco,6075016700,5055,75969
75,San Francisco,6075016802,3507,76674
75,San Francisco,6075016900,3139,74233
75,San Francisco,6075017000,3936,99517
75,San Francisco,6075017102,3710,86336
75,San Francisco,6075017601,8251,35954
75,San Francisco,6075017700,2283,51685
75,San Francisco,6075017802,4850,54424
75,San Francisco,6075017902,3054,22063
75,San Francisco,6075018000,4376,74544
75,San Francisco,6075020200,6794,44584
75,San Francisco,6075020300,3285,81437
75,San Francisco,6075020401,3097,115933
75,San Francisco,6075020402,4328,76311
75,San Francisco,6075020600,5064,103452
75,San Francisco,6075020700,5534,88632
75,San Francisco,6075020800,7078,38695
75,San Francisco,6075020900,4734,42615
75,San Francisco,6075021000,4509,71283
75,San Francisco,6075021200,3010,96504
75,San Francisco,6075021300,2687,93537
75,San Francisco,6075021400,3530,98114
75,San Francisco,6075021500,5478,71638
75,San Francisco,6075021700,4254,64062
75,San Francisco,6075021800,4138,83817
75,San Francisco,6075022600,1650,106861
75,San Francisco,6075022704,3403,95131
75,San Francisco,6075022801,5477,50852
75,San Francisco,6075022802,2178,39322
75,San Francisco,6075022901,4954,29901
75,San Francisco,6075022902,2789,36089
75,San Francisco,6075022903,3648,34399
75,San Francisco,6075023003,4420,36143
75,San Francisco,6075023102,3788,19300
75,San Francisco,6075023103,4046,12939
75,San Francisco,6075023200,4970,19969
75,San Francisco,6075023300,2862,29085
75,San Francisco,6075025100,3313,60407
75,San Francisco,6075025200,5787,68669
75,San Francisco,6075025300,4673,62210
75,San Francisco,6075025402,3152,48850
75,San Francisco,6075025403,4642,45569
75,San Francisco,6075025500,9094,39197
75,San Francisco,6075025600,6077,29704
75,San Francisco,6075025701,5140,39661
75,San Francisco,6075025800,2131,24053
75,San Francisco,6075025900,4580,40443
75,San Francisco,6075026001,6387,25879
75,San Francisco,6075026003,5238,25073
75,San Francisco,6075026004,4665,30930
75,San Francisco,6075026100,7307,28501
75,San Francisco,6075026200,8213,30439
75,San Francisco,6075026301,5272,26592
75,San Francisco,6075026302,5351,29753
75,San Francisco,6075026401,4406,22078
75,San Francisco,6075026402,4447,29995
75,San Francisco,6075026404,3018,15800
75,San Francisco,6075030101,4591,71910
75,San Francisco,6075030102,5165,78011
75,San Francisco,6075030201,4273,59008
75,San Francisco,6075030301,6145,61523
75,San Francisco,6075030302,3850,62296
75,San Francisco,6075030400,5536,73045
75,San Francisco,6075030500,3187,60098
75,San Francisco,6075030700,6892,69699
75,San Francisco,6075030800,6082,72617
75,San Francisco,6075030900,7082,75753
75,San Francisco,6075031000,3789,49649
75,San Francisco,6075031100,6632,58881
75,San Francisco,6075031202,3423,29100
75,San Francisco,6075031301,4090,52501
75,San Francisco,6075031302,5938,30369
75,San Francisco,6075031400,7216,26866
75,San Francisco,6075032602,4698,40087
75,San Francisco,6075032700,7165,52936
81,San Mateo,6081600100,5230,59079
81,San Mateo,6081600200,4474,24917
81,San Mateo,6081600300,4340,46469
81,San Mateo,6081600402,5451,27717
81,San Mateo,6081600500,7944,33352
81,San Mateo,6081600600,5726,27650
81,San Mateo,6081600700,8101,23735
81,San Mateo,6081600900,4241,49763
81,San Mateo,6081601000,7450,42399
81,San Mateo,6081601100,6104,39405
81,San Mateo,6081601200,6712,34865
81,San Mateo,6081601300,8031,23775
81,San Mateo,6081601501,5409,35731
81,San Mateo,6081601502,5471,29049
81,San Mateo,6081601601,3115,33496
81,San Mateo,6081601603,6175,43416
81,San Mateo,6081601604,2626,47639
81,San Mateo,6081601700,4608,42603
81,San Mateo,6081601800,6591,43251
81,San Mateo,6081601901,4409,40707
81,San Mateo,6081601902,6064,40749
81,San Mateo,6081602000,8219,39782
81,San Mateo,6081602200,8703,22910
81,San Mateo,6081602300,4036,31613
81,San Mateo,6081602400,7099,46201
81,San Mateo,6081602600,8735,38015
81,San Mateo,6081602700,6134,45030
81,San Mateo,6081602800,4844,42593
81,San Mateo,6081602900,4121,45313
81,San Mateo,6081603000,4466,54589
81,San Mateo,6081603100,3424,54878
81,San Mateo,6081603200,4021,55802
81,San Mateo,6081603300,6899,49571
81,San Mateo,6081603400,5863,58096
81,San Mateo,6081603802,5452,48917
81,San Mateo,6081603900,5668,53852
81,San Mateo,6081604101,8539,32595
81,San Mateo,6081604102,2502,53215
81,San Mateo,6081604200,4463,22717
81,San Mateo,6081604400,4705,40479
81,San Mateo,6081604600,2798,45301
81,San Mateo,6081604700,2998,55759
81,San Mateo,6081604800,5311,47031
81,San Mateo,6081604900,3424,62416
81,San Mateo,6081605000,8068,65731
81,San Mateo,6081605200,3795,70188
81,San Mateo,6081605300,4872,68607
75,San Francisco,6075033100,4265,56089
75,San Francisco,6075033201,3711,12628
75,San Francisco,6075033204,4113,26391
75,San Francisco,6075035100,8536,49376
75,San Francisco,6075035201,5772,33827
75,San Francisco,6075035300,7833,42097
75,San Francisco,6075035400,7268,41656
75,San Francisco,6075040100,4428,60718
75,San Francisco,6075040200,5612,62678
75,San Francisco,6075042602,3531,52244
75,San Francisco,6075042700,5792,52262
75,San Francisco,6075042800,2586,105563
75,San Francisco,6075045200,7048,54389
75,San Francisco,6075047600,5586,47682
75,San Francisco,6075047702,4166,52020
75,San Francisco,6075047801,4357,40381
75,San Francisco,6075047802,3977,47000
75,San Francisco,6075047901,6961,56846
75,San Francisco,6075060100,3449,76880
75,San Francisco,6075060400,1783,62680
75,San Francisco,6075060502,3470,12546
75,San Francisco,6075060700,9770,78450
75,San Francisco,6075061100,4673,18669
75,San Francisco,6075061200,4424,20611
75,San Francisco,6075061400,5858,64880
75,San Francisco,6075061500,12457,114616
75,San Francisco,6075980200,321,52892
75,San Francisco,6075980300,172,44980
75,San Francisco,6075980501,848,24891
75,San Francisco,6075980600,508,31260
75,San Francisco,6075980900,373,78105
97,Sonoma,6097150610,4142,45020
97,Sonoma,6097150611,4269,38732
97,Sonoma,6097150612,4547,48344
97,Sonoma,6097150701,4812,47096
97,Sonoma,6097150702,4748,55536
97,Sonoma,6097150800,5188,48224
97,Sonoma,6097150902,3493,58352
97,Sonoma,6097151000,3622,51094
97,Sonoma,6097151100,5327,43017
97,Sonoma,6097151201,7167,35820
97,Sonoma,6097151203,5382,36103
97,Sonoma,6097151204,3577,46104
97,Sonoma,6097151305,5553,24039
97,Sonoma,6097151306,3766,34229
97,Sonoma,6097151308,4968,35759
97,Sonoma,6097151309,5073,41390
97,Sonoma,6097151311,6573,41165
97,Sonoma,6097151401,7688,20482
97,Sonoma,6097151402,9545,23992
97,Sonoma,6097151502,6882,39528
97,Sonoma,6097151503,3741,77532
97,Sonoma,6097151601,3047,49227
97,Sonoma,6097151602,3494,60616
97,Sonoma,6097151700,7296,36284
97,Sonoma,6097151307,5384,39407
97,Sonoma,6097151800,5464,38960
97,Sonoma,6097152000,2184,30365
97,Sonoma,6097152100,3108,26917
97,Sonoma,6097152201,4030,29810
97,Sonoma,6097152202,7082,40042
97,Sonoma,6097152203,3676,49685
97,Sonoma,6097152300,4532,53088
97,Sonoma,6097152400,10431,73381
97,Sonoma,6097152501,4374,36447
97,Sonoma,6097152600,8779,52264
97,Sonoma,6097152701,5438,46434
97,Sonoma,6097152702,5463,42435
85,Santa Clara,6085500200,6205,43314
85,Santa Clara,6085500300,3375,61055
85,Santa Clara,6085500500,5684,60144
85,Santa Clara,6085500600,4982,58250
85,Santa Clara,6085500800,2819,51478
85,Santa Clara,6085501000,5078,25142
85,Santa Clara,6085501101,4340,43234
85,Santa Clara,6085501102,4868,29971
97,Sonoma,6097152801,5813,37251
97,Sonoma,6097152802,7109,22453
97,Sonoma,6097152904,5297,37940
97,Sonoma,6097152905,4122,36300
97,Sonoma,6097152906,5449,44105
97,Sonoma,6097153001,6886,20856
97,Sonoma,6097153002,7031,21859
97,Sonoma,6097153003,5781,22159
97,Sonoma,6097153005,6907,37964
97,Sonoma,6097153102,5974,16036
97,Sonoma,6097153103,4937,23031
97,Sonoma,6097153104,4218,21156
97,Sonoma,6097153200,7790,25962
97,Sonoma,6097153300,11427,32192
97,Sonoma,6097153401,6421,40934
97,Sonoma,6097153403,4033,47181
85,Santa Clara,6085508507,3307,49969
85,Santa Clara,6085508508,5748,46694
85,Santa Clara,6085508601,3976,59475
85,Santa Clara,6085508602,4165,51114
85,Santa Clara,6085508703,8232,60316
85,Santa Clara,6085508704,5660,60218
85,Santa Clara,6085508900,5664,35440
85,Santa Clara,6085509102,5220,69839
85,Santa Clara,6085509105,6840,63731
85,Santa Clara,6085509106,4513,65215
85,Santa Clara,6085501300,4359,42741
85,Santa Clara,6085501401,3559,19772
85,Santa Clara,6085501402,3205,20589
85,Santa Clara,6085501501,4639,21346
85,Santa Clara,6085501600,7438,29585
85,Santa Clara,6085501700,5286,18180
85,Santa Clara,6085501800,5453,45606
85,Santa Clara,6085501900,5045,35421
85,Santa Clara,6085502001,5419,36545
85,Santa Clara,6085502002,5315,20322
85,Santa Clara,6085502102,8005,31198
85,Santa Clara,6085502201,6717,43698
85,Santa Clara,6085502202,3079,70169
85,Santa Clara,6085502301,3523,59309
85,Santa Clara,6085502302,3062,54297
85,Santa Clara,6085502400,7314,69283
85,Santa Clara,6085502601,2826,122714
85,Santa Clara,6085502603,2720,64692
85,Santa Clara,6085502604,4619,49736
85,Santa Clara,6085502701,5248,47220
85,Santa Clara,6085502702,8654,56117
85,Santa Clara,6085502901,6350,49122
85,Santa Clara,6085502902,7700,53527
97,Sonoma,6097153501,4534,50457
97,Sonoma,6097153502,3853,51856
97,Sonoma,6097153600,5568,43281
97,Sonoma,6097153703,3638,30794
97,Sonoma,6097153704,3901,34187
97,Sonoma,6097153705,3644,37199
97,Sonoma,6097153706,4280,46415
85,Santa Clara,6085509108,4630,53612
85,Santa Clara,6085509109,4728,78676
85,Santa Clara,6085509202,4837,63108
85,Santa Clara,6085509302,3239,57598
85,Santa Clara,6085509303,3987,45343
85,Santa Clara,6085509304,3123,73511
85,Santa Clara,6085509401,3482,56457
85,Santa Clara,6085509404,6613,56244
85,Santa Clara,6085509500,5945,49988
85,Santa Clara,6085509600,2853,88507
85,Santa Clara,6085509801,5688,67541
85,Santa Clara,6085509802,2949,68333
85,Santa Clara,6085509901,2082,90247
85,Santa Clara,6085509902,5216,67133
85,Santa Clara,6085510001,6553,98715
85,Santa Clara,6085510100,3161,112066
85,Santa Clara,6085510200,4665,76439
85,Santa Clara,6085510300,4320,95058
85,Santa Clara,6085510400,3380,96649
85,Santa Clara,6085510500,5044,93042
85,Santa Clara,6085510700,5162,63789
85,Santa Clara,6085510801,5684,75489
85,Santa Clara,6085510803,2744,69525
85,Santa Clara,6085510900,5820,76963
85,Santa Clara,6085511100,5784,91392
85,Santa Clara,6085511200,5220,124952
85,Santa Clara,6085502903,5448,60668
85,Santa Clara,6085502906,4908,38308
85,Santa Clara,6085502908,7201,50635
85,Santa Clara,6085502909,5428,41562
85,Santa Clara,6085502910,3956,40585
85,Santa Clara,6085503001,4405,69650
85,Santa Clara,6085503002,3731,52976
85,Santa Clara,6085503105,2702,22993
85,Santa Clara,6085503108,8525,49530
85,Santa Clara,6085503111,5483,20234
85,Santa Clara,6085503112,4248,27071
85,Santa Clara,6085503113,5159,15798
85,Santa Clara,6085503115,6424,54919
85,Santa Clara,6085503117,3386,14873
85,Santa Clara,6085503118,5932,22536
85,Santa Clara,6085503121,4857,22588
85,Santa Clara,6085503122,3714,22586
85,Santa Clara,6085503204,8783,20748
85,Santa Clara,6085503207,4254,30005
85,Santa Clara,6085503208,4278,26863
85,Santa Clara,6085503210,4782,21498
85,Santa Clara,6085503212,4386,31164
85,Santa Clara,6085503213,4878,21205
85,Santa Clara,6085503214,7836,17852
85,Santa Clara,6085503217,4815,17573
85,Santa Clara,6085503304,7435,19220
85,Santa Clara,6085503305,6579,19003
97,Sonoma,6097153801,10008,37847
97,Sonoma,6097153807,4010,52886
97,Sonoma,6097153808,4443,28523
97,Sonoma,6097153809,4496,36254
97,Sonoma,6097153901,5695,47905
97,Sonoma,6097153902,4302,29511
97,Sonoma,6097154100,3900,45761
97,Sonoma,6097154201,4073,21160
97,Sonoma,6097154202,6305,37242
85,Santa Clara,6085511302,4373,107342
85,Santa Clara,6085511500,7999,91152
85,Santa Clara,6085511608,2746,14263
85,Santa Clara,6085511609,3456,90917
85,Santa Clara,6085511701,4291,112659
85,Santa Clara,6085511704,4845,112823
85,Santa Clara,6085511705,1048,88184
85,Santa Clara,6085511800,4320,72219
85,Santa Clara,6085511905,3406,56593
85,Santa Clara,6085511907,4261,59252
85,Santa Clara,6085511909,8704,71940
85,Santa Clara,6085511910,3282,80112
85,Santa Clara,6085503306,4682,19589
85,Santa Clara,6085503312,3578,43366
85,Santa Clara,6085503313,4963,45110
85,Santa Clara,6085503321,4911,37273
85,Santa Clara,6085503322,4542,32814
85,Santa Clara,6085503324,3775,36942
85,Santa Clara,6085503325,4841,30590
85,Santa Clara,6085503326,7174,55716
85,Santa Clara,6085503327,5089,36644
85,Santa Clara,6085503330,8290,62124
85,Santa Clara,6085503331,3451,49024
85,Santa Clara,6085503332,5835,64456
85,Santa Clara,6085503333,4939,54890
85,Santa Clara,6085503334,9623,86044
85,Santa Clara,6085503337,4004,34209
85,Santa Clara,6085503401,5334,16734
85,Santa Clara,6085503402,5686,14144
85,Santa Clara,6085503506,6980,13492
85,Santa Clara,6085503508,6736,17437
85,Santa Clara,6085503509,4376,27887
85,Santa Clara,6085503510,6476,16580
85,Santa Clara,6085503511,3975,26121
85,Santa Clara,6085503709,5497,14577
85,Santa Clara,6085503710,3907,14529
97,Sonoma,6097154302,3929,58276
85,Santa Clara,6085511301,3970,115900
85,Santa Clara,6085511911,5173,60996
85,Santa Clara,6085511913,4676,63175
85,Santa Clara,6085511914,6048,69272
85,Santa Clara,6085511915,4082,22965
85,Santa Clara,6085511916,5016,54828
85,Santa Clara,6085512001,7258,53814
85,Santa Clara,6085512017,8325,30872
85,Santa Clara,6085512019,5127,39565
85,Santa Clara,6085512021,6553,50795
85,Santa Clara,6085512022,5820,28357
85,Santa Clara,6085512023,5869,32229
85,Santa Clara,6085512024,5045,41214
85,Santa Clara,6085512025,3487,54451
85,Santa Clara,6085512027,4425,39798
85,Santa Clara,6085512029,7371,55137
85,Santa Clara,6085512030,3300,51253
85,Santa Clara,6085512031,4767,46509
85,Santa Clara,6085512032,3676,41175
85,Santa Clara,6085503711,5157,14207
85,Santa Clara,6085503713,3208,16008
85,Santa Clara,6085503802,8494,29802
85,Santa Clara,6085503803,4831,44492
85,Santa Clara,6085503804,5361,30012
85,Santa Clara,6085503902,5894,24439
85,Santa Clara,6085504001,6479,20981
85,Santa Clara,6085504002,6363,14058
85,Santa Clara,6085504101,4616,22135
85,Santa Clara,6085504102,5929,23913
85,Santa Clara,6085504201,5153,55553
85,Santa Clara,6085504202,4896,53682
85,Santa Clara,6085504308,4794,50271
85,Santa Clara,6085504311,7656,50388
85,Santa Clara,6085504314,5140,36976
85,Santa Clara,6085504315,7113,34705
85,Santa Clara,6085504317,4808,40620
85,Santa Clara,6085504318,5675,36542
85,Santa Clara,6085504319,7522,38313
85,Santa Clara,6085512033,6638,45758
85,Santa Clara,6085512035,4525,46350
85,Santa Clara,6085512037,3392,43034
85,Santa Clara,6085512038,3074,44594
85,Santa Clara,6085512039,5205,39304
85,Santa Clara,6085512042,3019,28106
85,Santa Clara,6085512045,6056,45616
85,Santa Clara,6085512047,5920,39864
85,Santa Clara,6085512052,4235,50421
85,Santa Clara,6085512053,4811,35861
85,Santa Clara,6085512100,1806,38244
85,Santa Clara,6085512305,4283,62136
85,Santa Clara,6085512307,6885,51151
85,Santa Clara,6085512308,7617,57352
85,Santa Clara,6085512310,4124,32698
85,Santa Clara,6085512311,3606,39950
85,Santa Clara,6085512313,4227,39571
85,Santa Clara,6085512314,6421,33446
85,Santa Clara,6085512401,5190,45699
85,Santa Clara,6085504321,5787,37262
85,Santa Clara,6085504322,5708,61884
85,Santa Clara,6085504323,6226,41015
85,Santa Clara,6085504411,5921,34458
85,Santa Clara,6085504412,5326,28506
85,Santa Clara,6085504414,5427,47507
85,Santa Clara,6085504415,5503,49725
85,Santa Clara,6085504416,3860,40015
85,Santa Clara,6085504417,349,70615
85,Santa Clara,6085504420,4957,46106
85,Santa Clara,6085504421,5047,40431
85,Santa Clara,6085504423,2541,31367
85,Santa Clara,6085504504,10503,43169
85,Santa Clara,6085504505,4756,39757
85,Santa Clara,6085504506,6398,42471
85,Santa Clara,6085504507,6215,34249
85,Santa Clara,6085504601,889,38674
85,Santa Clara,6085504602,2328,32174
85,Santa Clara,6085504802,5701,36925
85,Santa Clara,6085504803,6263,65244
85,Santa Clara,6085504805,5750,42327
85,Santa Clara,6085504901,10278,69050
85,Santa Clara,6085505001,10541,52698
85,Santa Clara,6085512402,5539,46876
85,Santa Clara,6085512503,8380,53402
85,Santa Clara,6085512506,7229,23351
85,Santa Clara,6085512509,4454,37328
85,Santa Clara,6085512510,6720,42749
85,Santa Clara,6085512602,3248,27183
85,Santa Clara,6085512603,4290,13453
85,Santa Clara,6085513000,8690,24511
85,Santa Clara,6085505006,4242,85878
85,Santa Clara,6085505007,4392,36684
85,Santa Clara,6085505008,5718,75448
85,Santa Clara,6085505009,6797,35394
85,Santa Clara,6085505100,3286,45876
85,Santa Clara,6085505202,6356,34918
85,Santa Clara,6085505301,4781,35627
85,Santa Clara,6085505303,6403,36420
85,Santa Clara,6085505304,3533,52539
85,Santa Clara,6085505305,5990,51571
85,Santa Clara,6085505402,3236,45618
85,Santa Clara,6085505403,7135,58616
85,Santa Clara,6085505500,4181,52091
85,Santa Clara,6085505600,4125,26966
85,Santa Clara,6085505700,6214,37568
85,Santa Clara,6085505800,3983,56225
85,Santa Clara,6085505900,7680,49437
85,Santa Clara,6085506101,5007,54106
85,Santa Clara,6085506102,4127,55321
85,Santa Clara,6085506202,7540,58834
85,Santa Clara,6085506203,6654,43782
85,Santa Clara,6085506204,6578,41985
85,Santa Clara,6085506302,6883,50919
81,San Mateo,6081605700,5587,121128
81,San Mateo,6081605800,2824,85596
81,San Mateo,6081605900,5994,49806
81,San Mateo,6081606100,4569,40663
81,San Mateo,6081606200,8705,30064
81,San Mateo,6081606300,4296,51720
81,San Mateo,6081606400,5142,68391
85,Santa Clara,6085506304,5380,49968
85,Santa Clara,6085506305,7791,34948
85,Santa Clara,6085506401,4670,59405
85,Santa Clara,6085506402,6173,44254
85,Santa Clara,6085506502,4224,62989
85,Santa Clara,6085506503,6529,47254
85,Santa Clara,6085506601,4855,47548
85,Santa Clara,6085506603,4338,49469
85,Santa Clara,6085506604,7949,53504
85,Santa Clara,6085506606,4777,49509
85,Santa Clara,6085506701,4271,51598
85,Santa Clara,6085506702,5868,50216
85,Santa Clara,6085506703,3920,48401
85,Santa Clara,6085506801,6377,63247
85,Santa Clara,6085506802,5639,58085
85,Santa Clara,6085506804,3900,66056
85,Santa Clara,6085506900,8066,68191
85,Santa Clara,6085507001,7074,105793
81,San Mateo,6081606500,3813,92711
81,San Mateo,6081606700,2526,77606
81,San Mateo,6081606800,3466,68826
81,San Mateo,6081606900,2631,72001
81,San Mateo,6081607000,3494,73957
81,San Mateo,6081607200,4494,49253
81,San Mateo,6081607300,3782,66312
81,San Mateo,6081607400,4744,48586
81,San Mateo,6081607500,3920,62147
81,San Mateo,6081607701,4171,37977
81,San Mateo,6081607702,3068,34998
81,San Mateo,6081607800,3381,49482
81,San Mateo,6081607900,3414,78693
81,San Mateo,6081608002,3791,65296
81,San Mateo,6081608004,6973,68960
81,San Mateo,6081608013,4355,75250
81,San Mateo,6081608023,2700,59565
81,San Mateo,6081608300,3595,61246
81,San Mateo,6081608400,5872,44679
81,San Mateo,6081608501,5102,46804
81,San Mateo,6081608600,4657,52331
81,San Mateo,6081608700,7475,66970
85,Santa Clara,6085507002,3041,99354
85,Santa Clara,6085507100,2904,79057
85,Santa Clara,6085507205,4844,84966
85,Santa Clara,6085507206,2920,112283
85,Santa Clara,6085507301,7078,92706
85,Santa Clara,6085507302,2951,90136
85,Santa Clara,6085507401,6085,78899
85,Santa Clara,6085507402,4210,73781
85,Santa Clara,6085507600,6011,93551
85,Santa Clara,6085507701,4353,70561
85,Santa Clara,6085507702,6607,75315
85,Santa Clara,6085507703,8292,66658
85,Santa Clara,6085507805,5861,51361
85,Santa Clara,6085507808,5928,65796
85,Santa Clara,6085507903,5250,58559
85,Santa Clara,6085507904,3663,68988
85,Santa Clara,6085507905,6253,58879
85,Santa Clara,6085508001,8024,67157
85,Santa Clara,6085508003,2411,44988
95,Solano,6095250103,4579,33852
95,Solano,6095250104,2428,41824
95,Solano,6095250105,7143,42804
95,Solano,6095250106,4728,51050
95,Solano,6095250300,3422,25202
95,Solano,6095250400,3309,30160
95,Solano,6095250501,2214,31595
95,Solano,6095250502,3340,45880
95,Solano,6095250604,4097,59089
95,Solano,6095250605,4505,55026
95,Solano,6095250701,3173,26539
95,Solano,6095250801,4073,34086
95,Solano,6095250900,2958,18793
81,San Mateo,6081608800,6138,68873
81,San Mateo,6081608900,7047,66735
81,San Mateo,6081609000,2745,64466
81,San Mateo,6081609100,1612,53265
81,San Mateo,6081609202,3875,56719
81,San Mateo,6081609400,3498,75687
81,San Mateo,6081609500,5203,74574
81,San Mateo,6081609601,3172,73493
81,San Mateo,6081609603,5713,82235
81,San Mateo,6081609700,4714,85605
81,San Mateo,6081609800,4823,68497
81,San Mateo,6081609900,3156,64840
81,San Mateo,6081610000,4868,59390
81,San Mateo,6081610201,6205,19831
81,San Mateo,6081610202,2544,33159
81,San Mateo,6081610203,3641,17617
81,San Mateo,6081610302,2259,45679
81,San Mateo,6081610303,7819,80198
85,Santa Clara,6085508004,6549,54411
85,Santa Clara,6085508102,3611,66684
85,Santa Clara,6085508202,8251,54573
85,Santa Clara,6085508203,5570,63073
85,Santa Clara,6085508204,4500,62894
85,Santa Clara,6085508301,4706,70065
85,Santa Clara,6085508304,8527,49725
85,Santa Clara,6085508401,7372,60212
95,Solano,6095251100,3501,20723
95,Solano,6095251200,3275,22783
95,Solano,6095251300,3141,38976
95,Solano,6095251400,5736,31876
95,Solano,6095251600,2523,30631
95,Solano,6095251701,3590,33234
95,Solano,6095251802,2713,25265
95,Solano,6095251803,5331,21927
95,Solano,6095251804,3904,24978
95,Solano,6095251901,5368,28987
95,Solano,6095251903,5678,28692
95,Solano,6095252000,4457,58639
95,Solano,6095252102,4140,41633
95,Solano,6095252103,5495,34352
95,Solano,6095252104,5936,60390
95,Solano,6095252106,4418,50614
95,Solano,6095252107,3809,45348
95,Solano,6095252108,3384,50531
95,Solano,6095252201,9346,56381
81,San Mateo,6081610304,4309,68473
81,San Mateo,6081610500,5315,17176
81,San Mateo,6081610602,3600,50597
81,San Mateo,6081610700,5608,36822
81,San Mateo,6081610800,5045,22935
81,San Mateo,6081610900,7380,33824
81,San Mateo,6081611000,6129,47190
81,San Mateo,6081611100,6362,65293
81,San Mateo,6081611300,5110,68541
81,San Mateo,6081611400,4497,153759
81,San Mateo,6081611500,2839,119818
81,San Mateo,6081611700,6381,19083
81,San Mateo,6081611800,4719,17066
81,San Mateo,6081611900,11064,25151
81,San Mateo,6081612000,7791,14261
81,San Mateo,6081612500,4432,83215
81,San Mateo,6081612600,4423,71736
81,San Mateo,6081612700,2315,99797
81,San Mateo,6081612800,3530,111152
81,San Mateo,6081612900,4621,91511
95,Solano,6095252202,10477,44703
95,Solano,6095252305,5042,48016
95,Solano,6095252310,3378,63181
95,Solano,6095252311,4793,54020
95,Solano,6095252313,5373,41096
95,Solano,6095252314,4350,30946
95,Solano,6095252315,4663,40800
95,Solano,6095252401,4865,20224
95,Solano,6095252402,5550,22546
95,Solano,6095252501,2780,18337
95,Solano,6095252604,3808,20505
95,Solano,6095252605,5863,19418
95,Solano,6095252606,5406,18760
95,Solano,6095252607,4091,17663
95,Solano,6095252610,3319,31098
95,Solano,6095252611,3493,25414
95,Solano,6095252702,7225,39595
81,San Mateo,6081613200,6898,137745
81,San Mateo,6081613300,2919,90619
81,San Mateo,6081613400,3302,171916
81,San Mateo,6081613501,4433,43311
81,San Mateo,6081613502,6436,60270
81,San Mateo,6081613600,6476,52282
81,San Mateo,6081613700,9399,56247
81,San Mateo,6081984300,0,0
95,Solano,6095252703,4121,28969
95,Solano,6095252705,6317,30660
95,Solano,6095252706,4078,40039
95,Solano,6095252707,5075,27310
95,Solano,6095252801,2594,19655
95,Solano,6095252903,4659,59520
95,Solano,6095252904,5062,48838
95,Solano,6095252908,3858,36356
95,Solano,6095252909,3470,36084
95,Solano,6095252911,5173,39922
95,Solano,6095252912,5866,51098
95,Solano,6095252913,5192,39942
95,Solano,6095252914,5641,38754
95,Solano,6095252915,3744,51197
95,Solano,6095253101,5297,35022
95,Solano,6095253105,6331,27599
95,Solano,6095253106,3516,36009
95,Solano,6095253107,6403,28771
81,San Mateo,6081613000,3638,112500
95,Solano,6095253108,4367,37108
95,Solano,6095253201,5016,48706
95,Solano,6095253204,7542,39047
95,Solano,6095253205,3239,33854
95,Solano,6095253206,3316,54934
95,Solano,6095253300,2934,33062
95,Solano,6095253403,5254,37178
95,Solano,6095253404,7067,28760
95,Solano,6095253500,9007,39608
95,Solano,6095980000,16,17756
97,Sonoma,6097150100,2440,76015
97,Sonoma,6097150202,5308,63888
97,Sonoma,6097150203,4714,44673
97,Sonoma,6097150303,4309,72153
97,Sonoma,6097150304,6428,28651
97,Sonoma,6097150305,5482,22651
97,Sonoma,6097150306,4317,46023
97,Sonoma,6097150500,5519,42692
97,Sonoma,6097150602,4484,36825
97,Sonoma,6097150603,7569,30043
97,Sonoma,6097150607,5616,48411
1,Alameda,6001436602,5032,26145
1,Alameda,6001450743,5200,51471
13,Contra Costa,6013337300,6546,61044
1,Alameda,6001423000,4792,57455
1,Alameda,6001401400,4692,17855
55,Napa,6055200203,2640,29558
75,San Francisco,6075015500,3868,65495
81,San Mateo,6081601400,7143,34811
85,Santa Clara,6085510600,6644,66929
81,San Mateo,6081610400,6015,27944
85,Santa Clara,6085501200,4530,23989
85,Santa Clara,6085503707,5887,19952
85,Santa Clara,6085506605,4237,45165
95,Solano,6095250200,4275,25221
97,Sonoma,6097151301,4806,28837
1,Alameda,6001440304,5142,35271
13,Contra Costa,6013389200,1863,33548
1,Alameda,6001450604,5231,54593
75,San Francisco,6075012302,3274,33205
85,Santa Clara,6085509107,5303,48455
